"0","taxa_tax
"
"1","   [1]"
"1"," ""sp1""   "
"1"," ""sp2""   "
"1"," ""sp3""   "
"1"," ""sp4""   "
"1"," ""sp5""   "
"1"," ""sp6""   "
"1"," ""sp7""   "
"1"," ""sp8""   "
"1"," ""sp9""   "
"1"," ""sp10""  "
"1","
"
"1","  [11]"
"1"," ""sp11""  "
"1"," ""sp12""  "
"1"," ""sp13""  "
"1"," ""sp14""  "
"1"," ""sp15""  "
"1"," ""sp16""  "
"1"," ""sp17""  "
"1"," ""sp18""  "
"1"," ""sp19""  "
"1"," ""sp20""  "
"1","
"
"1","  [21]"
"1"," ""sp21""  "
"1"," ""sp22""  "
"1"," ""sp23""  "
"1"," ""sp24""  "
"1"," ""sp25""  "
"1"," ""sp26""  "
"1"," ""sp27""  "
"1"," ""sp28""  "
"1"," ""sp29""  "
"1"," ""sp30""  "
"1","
"
"1","  [31]"
"1"," ""sp31""  "
"1"," ""sp32""  "
"1"," ""sp33""  "
"1"," ""sp34""  "
"1"," ""sp35""  "
"1"," ""sp36""  "
"1"," ""sp37""  "
"1"," ""sp38""  "
"1"," ""sp39""  "
"1"," ""sp40""  "
"1","
"
"1","  [41]"
"1"," ""sp41""  "
"1"," ""sp42""  "
"1"," ""sp43""  "
"1"," ""sp44""  "
"1"," ""sp45""  "
"1"," ""sp46""  "
"1"," ""sp47""  "
"1"," ""sp48""  "
"1"," ""sp49""  "
"1"," ""sp50""  "
"1","
"
"1","  [51]"
"1"," ""sp51""  "
"1"," ""sp52""  "
"1"," ""sp53""  "
"1"," ""sp54""  "
"1"," ""sp55""  "
"1"," ""sp56""  "
"1"," ""sp57""  "
"1"," ""sp58""  "
"1"," ""sp59""  "
"1"," ""sp60""  "
"1","
"
"1","  [61]"
"1"," ""sp61""  "
"1"," ""sp62""  "
"1"," ""sp63""  "
"1"," ""sp64""  "
"1"," ""sp65""  "
"1"," ""sp66""  "
"1"," ""sp67""  "
"1"," ""sp68""  "
"1"," ""sp69""  "
"1"," ""sp70""  "
"1","
"
"1","  [71]"
"1"," ""sp71""  "
"1"," ""sp72""  "
"1"," ""sp73""  "
"1"," ""sp74""  "
"1"," ""sp75""  "
"1"," ""sp76""  "
"1"," ""sp77""  "
"1"," ""sp78""  "
"1"," ""sp79""  "
"1"," ""sp80""  "
"1","
"
"1","  [81]"
"1"," ""sp81""  "
"1"," ""sp82""  "
"1"," ""sp83""  "
"1"," ""sp84""  "
"1"," ""sp85""  "
"1"," ""sp86""  "
"1"," ""sp87""  "
"1"," ""sp88""  "
"1"," ""sp89""  "
"1"," ""sp90""  "
"1","
"
"1","  [91]"
"1"," ""sp91""  "
"1"," ""sp92""  "
"1"," ""sp93""  "
"1"," ""sp94""  "
"1"," ""sp95""  "
"1"," ""sp96""  "
"1"," ""sp97""  "
"1"," ""sp98""  "
"1"," ""sp99""  "
"1"," ""sp100"" "
"1","
"
"1"," [101]"
"1"," ""sp101"" "
"1"," ""sp102"" "
"1"," ""sp103"" "
"1"," ""sp104"" "
"1"," ""sp105"" "
"1"," ""sp106"" "
"1"," ""sp107"" "
"1"," ""sp108"" "
"1"," ""sp109"" "
"1"," ""sp110"" "
"1","
"
"1"," [111]"
"1"," ""sp111"" "
"1"," ""sp112"" "
"1"," ""sp113"" "
"1"," ""sp114"" "
"1"," ""sp115"" "
"1"," ""sp116"" "
"1"," ""sp117"" "
"1"," ""sp118"" "
"1"," ""sp119"" "
"1"," ""sp120"" "
"1","
"
"1"," [121]"
"1"," ""sp121"" "
"1"," ""sp122"" "
"1"," ""sp123"" "
"1"," ""sp124"" "
"1"," ""sp125"" "
"1"," ""sp126"" "
"1"," ""sp127"" "
"1"," ""sp128"" "
"1"," ""sp129"" "
"1"," ""sp130"" "
"1","
"
"1"," [131]"
"1"," ""sp131"" "
"1"," ""sp132"" "
"1"," ""sp133"" "
"1"," ""sp134"" "
"1"," ""sp135"" "
"1"," ""sp136"" "
"1"," ""sp137"" "
"1"," ""sp138"" "
"1"," ""sp139"" "
"1"," ""sp140"" "
"1","
"
"1"," [141]"
"1"," ""sp141"" "
"1"," ""sp142"" "
"1"," ""sp143"" "
"1"," ""sp144"" "
"1"," ""sp145"" "
"1"," ""sp146"" "
"1"," ""sp147"" "
"1"," ""sp148"" "
"1"," ""sp149"" "
"1"," ""sp150"" "
"1","
"
"1"," [151]"
"1"," ""sp151"" "
"1"," ""sp152"" "
"1"," ""sp153"" "
"1"," ""sp154"" "
"1"," ""sp155"" "
"1"," ""sp156"" "
"1"," ""sp157"" "
"1"," ""sp158"" "
"1"," ""sp159"" "
"1"," ""sp160"" "
"1","
"
"1"," [161]"
"1"," ""sp161"" "
"1"," ""sp162"" "
"1"," ""sp163"" "
"1"," ""sp164"" "
"1"," ""sp165"" "
"1"," ""sp166"" "
"1"," ""sp167"" "
"1"," ""sp168"" "
"1"," ""sp169"" "
"1"," ""sp170"" "
"1","
"
"1"," [171]"
"1"," ""sp171"" "
"1"," ""sp172"" "
"1"," ""sp173"" "
"1"," ""sp174"" "
"1"," ""sp175"" "
"1"," ""sp176"" "
"1"," ""sp177"" "
"1"," ""sp178"" "
"1"," ""sp179"" "
"1"," ""sp180"" "
"1","
"
"1"," [181]"
"1"," ""sp181"" "
"1"," ""sp182"" "
"1"," ""sp183"" "
"1"," ""sp184"" "
"1"," ""sp185"" "
"1"," ""sp186"" "
"1"," ""sp187"" "
"1"," ""sp188"" "
"1"," ""sp189"" "
"1"," ""sp190"" "
"1","
"
"1"," [191]"
"1"," ""sp191"" "
"1"," ""sp192"" "
"1"," ""sp193"" "
"1"," ""sp194"" "
"1"," ""sp195"" "
"1"," ""sp196"" "
"1"," ""sp197"" "
"1"," ""sp198"" "
"1"," ""sp199"" "
"1"," ""sp200"" "
"1","
"
"1"," [201]"
"1"," ""sp201"" "
"1"," ""sp202"" "
"1"," ""sp203"" "
"1"," ""sp204"" "
"1"," ""sp205"" "
"1"," ""sp206"" "
"1"," ""sp207"" "
"1"," ""sp208"" "
"1"," ""sp209"" "
"1"," ""sp210"" "
"1","
"
"1"," [211]"
"1"," ""sp211"" "
"1"," ""sp212"" "
"1"," ""sp213"" "
"1"," ""sp214"" "
"1"," ""sp215"" "
"1"," ""sp216"" "
"1"," ""sp217"" "
"1"," ""sp218"" "
"1"," ""sp219"" "
"1"," ""sp220"" "
"1","
"
"1"," [221]"
"1"," ""sp221"" "
"1"," ""sp222"" "
"1"," ""sp223"" "
"1"," ""sp224"" "
"1"," ""sp225"" "
"1"," ""sp226"" "
"1"," ""sp227"" "
"1"," ""sp228"" "
"1"," ""sp229"" "
"1"," ""sp230"" "
"1","
"
"1"," [231]"
"1"," ""sp231"" "
"1"," ""sp232"" "
"1"," ""sp233"" "
"1"," ""sp234"" "
"1"," ""sp235"" "
"1"," ""sp236"" "
"1"," ""sp237"" "
"1"," ""sp238"" "
"1"," ""sp239"" "
"1"," ""sp240"" "
"1","
"
"1"," [241]"
"1"," ""sp241"" "
"1"," ""sp242"" "
"1"," ""sp243"" "
"1"," ""sp244"" "
"1"," ""sp245"" "
"1"," ""sp246"" "
"1"," ""sp247"" "
"1"," ""sp248"" "
"1"," ""sp249"" "
"1"," ""sp250"" "
"1","
"
"1"," [251]"
"1"," ""sp251"" "
"1"," ""sp252"" "
"1"," ""sp253"" "
"1"," ""sp254"" "
"1"," ""sp255"" "
"1"," ""sp256"" "
"1"," ""sp257"" "
"1"," ""sp258"" "
"1"," ""sp259"" "
"1"," ""sp260"" "
"1","
"
"1"," [261]"
"1"," ""sp261"" "
"1"," ""sp262"" "
"1"," ""sp263"" "
"1"," ""sp264"" "
"1"," ""sp265"" "
"1"," ""sp266"" "
"1"," ""sp267"" "
"1"," ""sp268"" "
"1"," ""sp269"" "
"1"," ""sp270"" "
"1","
"
"1"," [271]"
"1"," ""sp271"" "
"1"," ""sp272"" "
"1"," ""sp273"" "
"1"," ""sp274"" "
"1"," ""sp275"" "
"1"," ""sp276"" "
"1"," ""sp277"" "
"1"," ""sp278"" "
"1"," ""sp279"" "
"1"," ""sp280"" "
"1","
"
"1"," [281]"
"1"," ""sp281"" "
"1"," ""sp282"" "
"1"," ""sp283"" "
"1"," ""sp284"" "
"1"," ""sp285"" "
"1"," ""sp286"" "
"1"," ""sp287"" "
"1"," ""sp288"" "
"1"," ""sp289"" "
"1"," ""sp290"" "
"1","
"
"1"," [291]"
"1"," ""sp291"" "
"1"," ""sp292"" "
"1"," ""sp293"" "
"1"," ""sp294"" "
"1"," ""sp295"" "
"1"," ""sp296"" "
"1"," ""sp297"" "
"1"," ""sp298"" "
"1"," ""sp299"" "
"1"," ""sp300"" "
"1","
"
"1"," [301]"
"1"," ""sp301"" "
"1"," ""sp302"" "
"1"," ""sp303"" "
"1"," ""sp304"" "
"1"," ""sp305"" "
"1"," ""sp306"" "
"1"," ""sp307"" "
"1"," ""sp308"" "
"1"," ""sp309"" "
"1"," ""sp310"" "
"1","
"
"1"," [311]"
"1"," ""sp311"" "
"1"," ""sp312"" "
"1"," ""sp313"" "
"1"," ""sp314"" "
"1"," ""sp315"" "
"1"," ""sp316"" "
"1"," ""sp317"" "
"1"," ""sp318"" "
"1"," ""sp319"" "
"1"," ""sp320"" "
"1","
"
"1"," [321]"
"1"," ""sp321"" "
"1"," ""sp322"" "
"1"," ""sp323"" "
"1"," ""sp324"" "
"1"," ""sp325"" "
"1"," ""sp326"" "
"1"," ""sp327"" "
"1"," ""sp328"" "
"1"," ""sp329"" "
"1"," ""sp330"" "
"1","
"
"1"," [331]"
"1"," ""sp331"" "
"1"," ""sp332"" "
"1"," ""sp333"" "
"1"," ""sp334"" "
"1"," ""sp335"" "
"1"," ""sp336"" "
"1"," ""sp337"" "
"1"," ""sp338"" "
"1"," ""sp339"" "
"1"," ""sp340"" "
"1","
"
"1"," [341]"
"1"," ""sp341"" "
"1"," ""sp342"" "
"1"," ""sp343"" "
"1"," ""sp344"" "
"1"," ""sp345"" "
"1"," ""sp346"" "
"1"," ""sp347"" "
"1"," ""sp348"" "
"1"," ""sp349"" "
"1"," ""sp350"" "
"1","
"
"1"," [351]"
"1"," ""sp351"" "
"1"," ""sp352"" "
"1"," ""sp353"" "
"1"," ""sp354"" "
"1"," ""sp355"" "
"1"," ""sp356"" "
"1"," ""sp357"" "
"1"," ""sp358"" "
"1"," ""sp359"" "
"1"," ""sp360"" "
"1","
"
"1"," [361]"
"1"," ""sp361"" "
"1"," ""sp362"" "
"1"," ""sp363"" "
"1"," ""sp364"" "
"1"," ""sp365"" "
"1"," ""sp366"" "
"1"," ""sp367"" "
"1"," ""sp368"" "
"1"," ""sp369"" "
"1"," ""sp370"" "
"1","
"
"1"," [371]"
"1"," ""sp371"" "
"1"," ""sp372"" "
"1"," ""sp373"" "
"1"," ""sp374"" "
"1"," ""sp375"" "
"1"," ""sp376"" "
"1"," ""sp377"" "
"1"," ""sp378"" "
"1"," ""sp379"" "
"1"," ""sp380"" "
"1","
"
"1"," [381]"
"1"," ""sp381"" "
"1"," ""sp382"" "
"1"," ""sp383"" "
"1"," ""sp384"" "
"1"," ""sp385"" "
"1"," ""sp386"" "
"1"," ""sp387"" "
"1"," ""sp388"" "
"1"," ""sp389"" "
"1"," ""sp390"" "
"1","
"
"1"," [391]"
"1"," ""sp391"" "
"1"," ""sp392"" "
"1"," ""sp393"" "
"1"," ""sp394"" "
"1"," ""sp395"" "
"1"," ""sp396"" "
"1"," ""sp397"" "
"1"," ""sp398"" "
"1"," ""sp399"" "
"1"," ""sp400"" "
"1","
"
"1"," [401]"
"1"," ""sp401"" "
"1"," ""sp402"" "
"1"," ""sp403"" "
"1"," ""sp404"" "
"1"," ""sp405"" "
"1"," ""sp406"" "
"1"," ""sp407"" "
"1"," ""sp408"" "
"1"," ""sp409"" "
"1"," ""sp410"" "
"1","
"
"1"," [411]"
"1"," ""sp411"" "
"1"," ""sp412"" "
"1"," ""sp413"" "
"1"," ""sp414"" "
"1"," ""sp415"" "
"1"," ""sp416"" "
"1"," ""sp417"" "
"1"," ""sp418"" "
"1"," ""sp419"" "
"1"," ""sp420"" "
"1","
"
"1"," [421]"
"1"," ""sp421"" "
"1"," ""sp422"" "
"1"," ""sp423"" "
"1"," ""sp424"" "
"1"," ""sp425"" "
"1"," ""sp426"" "
"1"," ""sp427"" "
"1"," ""sp428"" "
"1"," ""sp429"" "
"1"," ""sp430"" "
"1","
"
"1"," [431]"
"1"," ""sp431"" "
"1"," ""sp432"" "
"1"," ""sp433"" "
"1"," ""sp434"" "
"1"," ""sp435"" "
"1"," ""sp436"" "
"1"," ""sp437"" "
"1"," ""sp438"" "
"1"," ""sp439"" "
"1"," ""sp440"" "
"1","
"
"1"," [441]"
"1"," ""sp441"" "
"1"," ""sp442"" "
"1"," ""sp443"" "
"1"," ""sp444"" "
"1"," ""sp445"" "
"1"," ""sp446"" "
"1"," ""sp447"" "
"1"," ""sp448"" "
"1"," ""sp449"" "
"1"," ""sp450"" "
"1","
"
"1"," [451]"
"1"," ""sp451"" "
"1"," ""sp452"" "
"1"," ""sp453"" "
"1"," ""sp454"" "
"1"," ""sp455"" "
"1"," ""sp456"" "
"1"," ""sp457"" "
"1"," ""sp458"" "
"1"," ""sp459"" "
"1"," ""sp460"" "
"1","
"
"1"," [461]"
"1"," ""sp461"" "
"1"," ""sp462"" "
"1"," ""sp463"" "
"1"," ""sp464"" "
"1"," ""sp465"" "
"1"," ""sp466"" "
"1"," ""sp467"" "
"1"," ""sp468"" "
"1"," ""sp469"" "
"1"," ""sp470"" "
"1","
"
"1"," [471]"
"1"," ""sp471"" "
"1"," ""sp472"" "
"1"," ""sp473"" "
"1"," ""sp474"" "
"1"," ""sp475"" "
"1"," ""sp476"" "
"1"," ""sp477"" "
"1"," ""sp478"" "
"1"," ""sp479"" "
"1"," ""sp480"" "
"1","
"
"1"," [481]"
"1"," ""sp481"" "
"1"," ""sp482"" "
"1"," ""sp483"" "
"1"," ""sp484"" "
"1"," ""sp485"" "
"1"," ""sp486"" "
"1"," ""sp487"" "
"1"," ""sp488"" "
"1"," ""sp489"" "
"1"," ""sp490"" "
"1","
"
"1"," [491]"
"1"," ""sp491"" "
"1"," ""sp492"" "
"1"," ""sp493"" "
"1"," ""sp494"" "
"1"," ""sp495"" "
"1"," ""sp496"" "
"1"," ""sp497"" "
"1"," ""sp498"" "
"1"," ""sp499"" "
"1"," ""sp500"" "
"1","
"
"1"," [501]"
"1"," ""sp501"" "
"1"," ""sp502"" "
"1"," ""sp503"" "
"1"," ""sp504"" "
"1"," ""sp505"" "
"1"," ""sp506"" "
"1"," ""sp507"" "
"1"," ""sp508"" "
"1"," ""sp509"" "
"1"," ""sp510"" "
"1","
"
"1"," [511]"
"1"," ""sp511"" "
"1"," ""sp512"" "
"1"," ""sp513"" "
"1"," ""sp514"" "
"1"," ""sp515"" "
"1"," ""sp516"" "
"1"," ""sp517"" "
"1"," ""sp518"" "
"1"," ""sp519"" "
"1"," ""sp520"" "
"1","
"
"1"," [521]"
"1"," ""sp521"" "
"1"," ""sp522"" "
"1"," ""sp523"" "
"1"," ""sp524"" "
"1"," ""sp525"" "
"1"," ""sp526"" "
"1"," ""sp527"" "
"1"," ""sp528"" "
"1"," ""sp529"" "
"1"," ""sp530"" "
"1","
"
"1"," [531]"
"1"," ""sp531"" "
"1"," ""sp532"" "
"1"," ""sp533"" "
"1"," ""sp534"" "
"1"," ""sp535"" "
"1"," ""sp536"" "
"1"," ""sp537"" "
"1"," ""sp538"" "
"1"," ""sp539"" "
"1"," ""sp540"" "
"1","
"
"1"," [541]"
"1"," ""sp541"" "
"1"," ""sp542"" "
"1"," ""sp543"" "
"1"," ""sp544"" "
"1"," ""sp545"" "
"1"," ""sp546"" "
"1"," ""sp547"" "
"1"," ""sp548"" "
"1"," ""sp549"" "
"1"," ""sp550"" "
"1","
"
"1"," [551]"
"1"," ""sp551"" "
"1"," ""sp552"" "
"1"," ""sp553"" "
"1"," ""sp554"" "
"1"," ""sp555"" "
"1"," ""sp556"" "
"1"," ""sp557"" "
"1"," ""sp558"" "
"1"," ""sp559"" "
"1"," ""sp560"" "
"1","
"
"1"," [561]"
"1"," ""sp561"" "
"1"," ""sp562"" "
"1"," ""sp563"" "
"1"," ""sp564"" "
"1"," ""sp565"" "
"1"," ""sp566"" "
"1"," ""sp567"" "
"1"," ""sp568"" "
"1"," ""sp569"" "
"1"," ""sp570"" "
"1","
"
"1"," [571]"
"1"," ""sp571"" "
"1"," ""sp572"" "
"1"," ""sp573"" "
"1"," ""sp574"" "
"1"," ""sp575"" "
"1"," ""sp576"" "
"1"," ""sp577"" "
"1"," ""sp578"" "
"1"," ""sp579"" "
"1"," ""sp580"" "
"1","
"
"1"," [581]"
"1"," ""sp581"" "
"1"," ""sp582"" "
"1"," ""sp583"" "
"1"," ""sp584"" "
"1"," ""sp585"" "
"1"," ""sp586"" "
"1"," ""sp587"" "
"1"," ""sp588"" "
"1"," ""sp589"" "
"1"," ""sp590"" "
"1","
"
"1"," [591]"
"1"," ""sp591"" "
"1"," ""sp592"" "
"1"," ""sp593"" "
"1"," ""sp594"" "
"1"," ""sp595"" "
"1"," ""sp596"" "
"1"," ""sp597"" "
"1"," ""sp598"" "
"1"," ""sp599"" "
"1"," ""sp600"" "
"1","
"
"1"," [601]"
"1"," ""sp601"" "
"1"," ""sp602"" "
"1"," ""sp603"" "
"1"," ""sp604"" "
"1"," ""sp605"" "
"1"," ""sp606"" "
"1"," ""sp607"" "
"1"," ""sp608"" "
"1"," ""sp609"" "
"1"," ""sp610"" "
"1","
"
"1"," [611]"
"1"," ""sp611"" "
"1"," ""sp612"" "
"1"," ""sp613"" "
"1"," ""sp614"" "
"1"," ""sp615"" "
"1"," ""sp616"" "
"1"," ""sp617"" "
"1"," ""sp618"" "
"1"," ""sp619"" "
"1"," ""sp620"" "
"1","
"
"1"," [621]"
"1"," ""sp621"" "
"1"," ""sp622"" "
"1"," ""sp623"" "
"1"," ""sp624"" "
"1"," ""sp625"" "
"1"," ""sp626"" "
"1"," ""sp627"" "
"1"," ""sp628"" "
"1"," ""sp629"" "
"1"," ""sp630"" "
"1","
"
"1"," [631]"
"1"," ""sp631"" "
"1"," ""sp632"" "
"1"," ""sp633"" "
"1"," ""sp634"" "
"1"," ""sp635"" "
"1"," ""sp636"" "
"1"," ""sp637"" "
"1"," ""sp638"" "
"1"," ""sp639"" "
"1"," ""sp640"" "
"1","
"
"1"," [641]"
"1"," ""sp641"" "
"1"," ""sp642"" "
"1"," ""sp643"" "
"1"," ""sp644"" "
"1"," ""sp645"" "
"1"," ""sp646"" "
"1"," ""sp647"" "
"1"," ""sp648"" "
"1"," ""sp649"" "
"1"," ""sp650"" "
"1","
"
"1"," [651]"
"1"," ""sp651"" "
"1"," ""sp652"" "
"1"," ""sp653"" "
"1"," ""sp654"" "
"1"," ""sp655"" "
"1"," ""sp656"" "
"1"," ""sp657"" "
"1"," ""sp658"" "
"1"," ""sp659"" "
"1"," ""sp660"" "
"1","
"
"1"," [661]"
"1"," ""sp661"" "
"1"," ""sp662"" "
"1"," ""sp663"" "
"1"," ""sp664"" "
"1"," ""sp665"" "
"1"," ""sp666"" "
"1"," ""sp667"" "
"1"," ""sp668"" "
"1"," ""sp669"" "
"1"," ""sp670"" "
"1","
"
"1"," [671]"
"1"," ""sp671"" "
"1"," ""sp672"" "
"1"," ""sp673"" "
"1"," ""sp674"" "
"1"," ""sp675"" "
"1"," ""sp676"" "
"1"," ""sp677"" "
"1"," ""sp678"" "
"1"," ""sp679"" "
"1"," ""sp680"" "
"1","
"
"1"," [681]"
"1"," ""sp681"" "
"1"," ""sp682"" "
"1"," ""sp683"" "
"1"," ""sp684"" "
"1"," ""sp685"" "
"1"," ""sp686"" "
"1"," ""sp687"" "
"1"," ""sp688"" "
"1"," ""sp689"" "
"1"," ""sp690"" "
"1","
"
"1"," [691]"
"1"," ""sp691"" "
"1"," ""sp692"" "
"1"," ""sp693"" "
"1"," ""sp694"" "
"1"," ""sp695"" "
"1"," ""sp696"" "
"1"," ""sp697"" "
"1"," ""sp698"" "
"1"," ""sp699"" "
"1"," ""sp700"" "
"1","
"
"1"," [701]"
"1"," ""sp701"" "
"1"," ""sp702"" "
"1"," ""sp703"" "
"1"," ""sp704"" "
"1"," ""sp705"" "
"1"," ""sp706"" "
"1"," ""sp707"" "
"1"," ""sp708"" "
"1"," ""sp709"" "
"1"," ""sp710"" "
"1","
"
"1"," [711]"
"1"," ""sp711"" "
"1"," ""sp712"" "
"1"," ""sp713"" "
"1"," ""sp714"" "
"1"," ""sp715"" "
"1"," ""sp716"" "
"1"," ""sp717"" "
"1"," ""sp718"" "
"1"," ""sp719"" "
"1"," ""sp720"" "
"1","
"
"1"," [721]"
"1"," ""sp721"" "
"1"," ""sp722"" "
"1"," ""sp723"" "
"1"," ""sp724"" "
"1"," ""sp725"" "
"1"," ""sp726"" "
"1"," ""sp727"" "
"1"," ""sp728"" "
"1"," ""sp729"" "
"1"," ""sp730"" "
"1","
"
"1"," [731]"
"1"," ""sp731"" "
"1"," ""sp732"" "
"1"," ""sp733"" "
"1"," ""sp734"" "
"1"," ""sp735"" "
"1"," ""sp736"" "
"1"," ""sp737"" "
"1"," ""sp738"" "
"1"," ""sp739"" "
"1"," ""sp740"" "
"1","
"
"1"," [741]"
"1"," ""sp741"" "
"1"," ""sp742"" "
"1"," ""sp743"" "
"1"," ""sp744"" "
"1"," ""sp745"" "
"1"," ""sp746"" "
"1"," ""sp747"" "
"1"," ""sp748"" "
"1"," ""sp749"" "
"1"," ""sp750"" "
"1","
"
"1"," [751]"
"1"," ""sp751"" "
"1"," ""sp752"" "
"1"," ""sp753"" "
"1"," ""sp754"" "
"1"," ""sp755"" "
"1"," ""sp756"" "
"1"," ""sp757"" "
"1"," ""sp758"" "
"1"," ""sp759"" "
"1"," ""sp760"" "
"1","
"
"1"," [761]"
"1"," ""sp761"" "
"1"," ""sp762"" "
"1"," ""sp763"" "
"1"," ""sp764"" "
"1"," ""sp765"" "
"1"," ""sp766"" "
"1"," ""sp767"" "
"1"," ""sp768"" "
"1"," ""sp769"" "
"1"," ""sp770"" "
"1","
"
"1"," [771]"
"1"," ""sp771"" "
"1"," ""sp772"" "
"1"," ""sp773"" "
"1"," ""sp774"" "
"1"," ""sp775"" "
"1"," ""sp776"" "
"1"," ""sp777"" "
"1"," ""sp778"" "
"1"," ""sp779"" "
"1"," ""sp780"" "
"1","
"
"1"," [781]"
"1"," ""sp781"" "
"1"," ""sp782"" "
"1"," ""sp783"" "
"1"," ""sp784"" "
"1"," ""sp785"" "
"1"," ""sp786"" "
"1"," ""sp787"" "
"1"," ""sp788"" "
"1"," ""sp789"" "
"1"," ""sp790"" "
"1","
"
"1"," [791]"
"1"," ""sp791"" "
"1"," ""sp792"" "
"1"," ""sp793"" "
"1"," ""sp794"" "
"1"," ""sp795"" "
"1"," ""sp796"" "
"1"," ""sp797"" "
"1"," ""sp798"" "
"1"," ""sp799"" "
"1"," ""sp800"" "
"1","
"
"1"," [801]"
"1"," ""sp801"" "
"1"," ""sp802"" "
"1"," ""sp803"" "
"1"," ""sp804"" "
"1"," ""sp805"" "
"1"," ""sp806"" "
"1"," ""sp807"" "
"1"," ""sp808"" "
"1"," ""sp809"" "
"1"," ""sp810"" "
"1","
"
"1"," [811]"
"1"," ""sp811"" "
"1"," ""sp812"" "
"1"," ""sp813"" "
"1"," ""sp814"" "
"1"," ""sp815"" "
"1"," ""sp816"" "
"1"," ""sp817"" "
"1"," ""sp818"" "
"1"," ""sp819"" "
"1"," ""sp820"" "
"1","
"
"1"," [821]"
"1"," ""sp821"" "
"1"," ""sp822"" "
"1"," ""sp823"" "
"1"," ""sp824"" "
"1"," ""sp825"" "
"1"," ""sp826"" "
"1"," ""sp827"" "
"1"," ""sp828"" "
"1"," ""sp829"" "
"1"," ""sp830"" "
"1","
"
"1"," [831]"
"1"," ""sp831"" "
"1"," ""sp832"" "
"1"," ""sp833"" "
"1"," ""sp834"" "
"1"," ""sp835"" "
"1"," ""sp836"" "
"1"," ""sp837"" "
"1"," ""sp838"" "
"1"," ""sp839"" "
"1"," ""sp840"" "
"1","
"
"1"," [841]"
"1"," ""sp841"" "
"1"," ""sp842"" "
"1"," ""sp843"" "
"1"," ""sp844"" "
"1"," ""sp845"" "
"1"," ""sp846"" "
"1"," ""sp847"" "
"1"," ""sp848"" "
"1"," ""sp849"" "
"1"," ""sp850"" "
"1","
"
"1"," [851]"
"1"," ""sp851"" "
"1"," ""sp852"" "
"1"," ""sp853"" "
"1"," ""sp854"" "
"1"," ""sp855"" "
"1"," ""sp856"" "
"1"," ""sp857"" "
"1"," ""sp858"" "
"1"," ""sp859"" "
"1"," ""sp860"" "
"1","
"
"1"," [861]"
"1"," ""sp861"" "
"1"," ""sp862"" "
"1"," ""sp863"" "
"1"," ""sp864"" "
"1"," ""sp865"" "
"1"," ""sp866"" "
"1"," ""sp867"" "
"1"," ""sp868"" "
"1"," ""sp869"" "
"1"," ""sp870"" "
"1","
"
"1"," [871]"
"1"," ""sp871"" "
"1"," ""sp872"" "
"1"," ""sp873"" "
"1"," ""sp874"" "
"1"," ""sp875"" "
"1"," ""sp876"" "
"1"," ""sp877"" "
"1"," ""sp878"" "
"1"," ""sp879"" "
"1"," ""sp880"" "
"1","
"
"1"," [881]"
"1"," ""sp881"" "
"1"," ""sp882"" "
"1"," ""sp883"" "
"1"," ""sp884"" "
"1"," ""sp885"" "
"1"," ""sp886"" "
"1"," ""sp887"" "
"1"," ""sp888"" "
"1"," ""sp889"" "
"1"," ""sp890"" "
"1","
"
"1"," [891]"
"1"," ""sp891"" "
"1"," ""sp892"" "
"1"," ""sp893"" "
"1"," ""sp894"" "
"1"," ""sp895"" "
"1"," ""sp896"" "
"1"," ""sp897"" "
"1"," ""sp898"" "
"1"," ""sp899"" "
"1"," ""sp900"" "
"1","
"
"1"," [901]"
"1"," ""sp901"" "
"1"," ""sp902"" "
"1"," ""sp903"" "
"1"," ""sp904"" "
"1"," ""sp905"" "
"1"," ""sp906"" "
"1"," ""sp907"" "
"1"," ""sp908"" "
"1"," ""sp909"" "
"1"," ""sp910"" "
"1","
"
"1"," [911]"
"1"," ""sp911"" "
"1"," ""sp912"" "
"1"," ""sp913"" "
"1"," ""sp914"" "
"1"," ""sp915"" "
"1"," ""sp916"" "
"1"," ""sp917"" "
"1"," ""sp918"" "
"1"," ""sp919"" "
"1"," ""sp920"" "
"1","
"
"1"," [921]"
"1"," ""sp921"" "
"1"," ""sp922"" "
"1"," ""sp923"" "
"1"," ""sp924"" "
"1"," ""sp925"" "
"1"," ""sp926"" "
"1"," ""sp927"" "
"1"," ""sp928"" "
"1"," ""sp929"" "
"1"," ""sp930"" "
"1","
"
"1"," [931]"
"1"," ""sp931"" "
"1"," ""sp932"" "
"1"," ""sp933"" "
"1"," ""sp934"" "
"1"," ""sp935"" "
"1"," ""sp936"" "
"1"," ""sp937"" "
"1"," ""sp938"" "
"1"," ""sp939"" "
"1"," ""sp940"" "
"1","
"
"1"," [941]"
"1"," ""sp941"" "
"1"," ""sp942"" "
"1"," ""sp943"" "
"1"," ""sp944"" "
"1"," ""sp945"" "
"1"," ""sp946"" "
"1"," ""sp947"" "
"1"," ""sp948"" "
"1"," ""sp949"" "
"1"," ""sp950"" "
"1","
"
"1"," [951]"
"1"," ""sp951"" "
"1"," ""sp952"" "
"1"," ""sp953"" "
"1"," ""sp954"" "
"1"," ""sp955"" "
"1"," ""sp956"" "
"1"," ""sp957"" "
"1"," ""sp958"" "
"1"," ""sp959"" "
"1"," ""sp960"" "
"1","
"
"1"," [961]"
"1"," ""sp961"" "
"1"," ""sp962"" "
"1"," ""sp963"" "
"1"," ""sp964"" "
"1"," ""sp965"" "
"1"," ""sp966"" "
"1"," ""sp967"" "
"1"," ""sp968"" "
"1"," ""sp969"" "
"1"," ""sp970"" "
"1","
"
"1"," [971]"
"1"," ""sp971"" "
"1"," ""sp972"" "
"1"," ""sp973"" "
"1"," ""sp974"" "
"1"," ""sp975"" "
"1"," ""sp976"" "
"1"," ""sp977"" "
"1"," ""sp978"" "
"1"," ""sp979"" "
"1"," ""sp980"" "
"1","
"
"1"," [981]"
"1"," ""sp981"" "
"1"," ""sp982"" "
"1"," ""sp983"" "
"1"," ""sp984"" "
"1"," ""sp985"" "
"1"," ""sp986"" "
"1"," ""sp987"" "
"1"," ""sp988"" "
"1"," ""sp989"" "
"1"," ""sp990"" "
"1","
"
"1"," [991]"
"1"," ""sp991"" "
"1"," ""sp992"" "
"1"," ""sp993"" "
"1"," ""sp994"" "
"1"," ""sp995"" "
"1"," ""sp996"" "
"1"," ""sp997"" "
"1"," ""sp998"" "
"1"," ""sp999"" "
"1"," ""sp1000"""
"1","
"
"1"," [ reached getOption(""max.print"") -- omitted 2935 entries ]
"
