"0","lefse_tyg <- run_lefse(
  phylo_genus_tyg_clean,
  ""TyG_group"",
  norm = ""CPM"",
  lda_cutoff = 2,
  multigrp_strat = FALSE
)
"
"2","Found more than one class ""phylo"" in cache; using the first, from namespace 'phyloseq'
"
"2","Also defined by ‘tidytree’
"
"2","Found more than one class ""phylo"" in cache; using the first, from namespace 'phyloseq'
"
"2","Also defined by ‘tidytree’
"
"2","Found more than one class ""phylo"" in cache; using the first, from namespace 'phyloseq'
"
"2","Also defined by ‘tidytree’
"
"2","Found more than one class ""phylo"" in cache; using the first, from namespace 'phyloseq'
"
"2","Also defined by ‘tidytree’
"
"2","Found more than one class ""phylo"" in cache; using the first, from namespace 'phyloseq'
"
"2","Also defined by ‘tidytree’
"
"2","Found more than one class ""phylo"" in cache; using the first, from namespace 'phyloseq'
"
"2","Also defined by ‘tidytree’
"
"2","Found more than one class ""phylo"" in cache; using the first, from namespace 'phyloseq'
"
"2","Also defined by ‘tidytree’
"
"2","Found more than one class ""phylo"" in cache; using the first, from namespace 'phyloseq'
"
"2","Also defined by ‘tidytree’
"
"2","Found more than one class ""phylo"" in cache; using the first, from namespace 'phyloseq'
"
"2","Also defined by ‘tidytree’
"
"2","Found more than one class ""phylo"" in cache; using the first, from namespace 'phyloseq'
"
"2","Also defined by ‘tidytree’
"
"2","Found more than one class ""phylo"" in cache; using the first, from namespace 'phyloseq'
"
"2","Also defined by ‘tidytree’
"
"2","Found more than one class ""phylo"" in cache; using the first, from namespace 'phyloseq'
"
"2","Also defined by ‘tidytree’
"
"2","Found more than one class ""phylo"" in cache; using the first, from namespace 'phyloseq'
"
"2","Also defined by ‘tidytree’
"
"2","Found more than one class ""phylo"" in cache; using the first, from namespace 'phyloseq'
"
"2","Also defined by ‘tidytree’
"
"2","Found more than one class ""phylo"" in cache; using the first, from namespace 'phyloseq'
"
"2","Also defined by ‘tidytree’
"
"2","Found more than one class ""phylo"" in cache; using the first, from namespace 'phyloseq'
"
"2","Also defined by ‘tidytree’
"
"2","Found more than one class ""phylo"" in cache; using the first, from namespace 'phyloseq'
"
"2","Also defined by ‘tidytree’
"
"2","Found more than one class ""phylo"" in cache; using the first, from namespace 'phyloseq'
"
"2","Also defined by ‘tidytree’
"
"2","Found more than one class ""phylo"" in cache; using the first, from namespace 'phyloseq'
"
"2","Also defined by ‘tidytree’
"
"2","Found more than one class ""phylo"" in cache; using the first, from namespace 'phyloseq'
"
"2","Also defined by ‘tidytree’
"
"2","Found more than one class ""phylo"" in cache; using the first, from namespace 'phyloseq'
"
"2","Also defined by ‘tidytree’
"
