"0","# Exibir a matriz de correlação
print(correlation_matrix)
"
"1","                                        "
"1"," c6c3ab4e828fb40d6e05967b7aac9338"
"1","
residual_energia2_kcal                  "
"1","                     -0.004453801"
"1","
residual_carboidrato_total_g            "
"1","                     -0.024490705"
"1","
residual_proteina_g                     "
"1","                     -0.021428957"
"1","
residual_lipidios_g                     "
"1","                      0.026095738"
"1","
residual_fibra_alimentar_g              "
"1","                     -0.201426215"
"1","
residual_colesterol_mg                  "
"1","                      0.002031850"
"1","
residual_acidos_graxos_saturados_g      "
"1","                      0.149364376"
"1","
residual_acidos_graxos_monoinsaturados_g"
"1","                      0.010455663"
"1","
residual_acidos_graxos_poliinsaturados_g"
"1","                     -0.103975934"
"1","
residual_acidos_graxos_trans_g          "
"1","                      0.159896469"
"1","
residual_calcio_mg                      "
"1","                      0.062893875"
"1","
residual_ferro_mg                       "
"1","                     -0.019329999"
"1","
residual_sodio_mg                       "
"1","                     -0.006503029"
"1","
residual_magnesio_mg                    "
"1","                     -0.204553794"
"1","
residual_fosforo_mg                     "
"1","                     -0.034900188"
"1","
residual_potassio_mg                    "
"1","                     -0.072342452"
"1","
residual_manganes_mg                    "
"1","                     -0.050991161"
"1","
residual_zinco_mg                       "
"1","                     -0.055889789"
"1","
residual_cobre_mg                       "
"1","                     -0.125595940"
"1","
residual_selenio_mcg                    "
"1","                     -0.029822634"
"1","
residual_vitamina_A_RE_mcg              "
"1","                     -0.074894486"
"1","
residual_vitamina_A_RAE_mcg             "
"1","                     -0.070840230"
"1","
residual_vitamina_D_mcg                 "
"1","                     -0.060307308"
"1","
residual_vitamina_E_mg                  "
"1","                      0.047938718"
"1","
residual_tiamina_mg                     "
"1","                      0.029952763"
"1","
residual_riboflavina_mg                 "
"1","                      0.074249838"
"1","
residual_niacina_mg                     "
"1","                     -0.008665353"
"1","
residual_vitamina_B6_mg                 "
"1","                     -0.073567467"
"1","
residual_vitamina_B12_mcg               "
"1","                     -0.050905375"
"1","
residual_vitamina_C_mg                  "
"1","                     -0.092775018"
"1","
residual_equivalente_de_folato_mcg      "
"1","                     -0.114945851"
"1","
residual_sal_de_adicao_g                "
"1","                     -0.192926610"
"1","
residual_acucar_de_adicao_g             "
"1","                      0.125039755"
"1","
"
"1","                                        "
"1"," 263e41ea2c25dc87bd2ff5910cf30d40"
"1","
residual_energia2_kcal                  "
"1","                      0.058397216"
"1","
residual_carboidrato_total_g            "
"1","                     -0.068595258"
"1","
residual_proteina_g                     "
"1","                      0.081643807"
"1","
residual_lipidios_g                     "
"1","                      0.084616195"
"1","
residual_fibra_alimentar_g              "
"1","                     -0.058289409"
"1","
residual_colesterol_mg                  "
"1","                      0.038677362"
"1","
residual_acidos_graxos_saturados_g      "
"1","                      0.004756553"
"1","
residual_acidos_graxos_monoinsaturados_g"
"1","                     -0.007145836"
"1","
residual_acidos_graxos_poliinsaturados_g"
"1","                      0.132067621"
"1","
residual_acidos_graxos_trans_g          "
"1","                      0.016626800"
"1","
residual_calcio_mg                      "
"1","                      0.039686759"
"1","
residual_ferro_mg                       "
"1","                      0.036992210"
"1","
residual_sodio_mg                       "
"1","                      0.079316685"
"1","
residual_magnesio_mg                    "
"1","                      0.025158180"
"1","
residual_fosforo_mg                     "
"1","                      0.102434814"
"1","
residual_potassio_mg                    "
"1","                      0.060297654"
"1","
residual_manganes_mg                    "
"1","                     -0.011113626"
"1","
residual_zinco_mg                       "
"1","                     -0.036486848"
"1","
residual_cobre_mg                       "
"1","                     -0.120532767"
"1","
residual_selenio_mcg                    "
"1","                     -0.086109528"
"1","
residual_vitamina_A_RE_mcg              "
"1","                     -0.105787454"
"1","
residual_vitamina_A_RAE_mcg             "
"1","                     -0.094076151"
"1","
residual_vitamina_D_mcg                 "
"1","                      0.005288131"
"1","
residual_vitamina_E_mg                  "
"1","                      0.127101834"
"1","
residual_tiamina_mg                     "
"1","                     -0.007170747"
"1","
residual_riboflavina_mg                 "
"1","                     -0.048646559"
"1","
residual_niacina_mg                     "
"1","                      0.021387479"
"1","
residual_vitamina_B6_mg                 "
"1","                     -0.101209585"
"1","
residual_vitamina_B12_mcg               "
"1","                      0.019721733"
"1","
residual_vitamina_C_mg                  "
"1","                     -0.108008532"
"1","
residual_equivalente_de_folato_mcg      "
"1","                     -0.052295683"
"1","
residual_sal_de_adicao_g                "
"1","                      0.037831773"
"1","
residual_acucar_de_adicao_g             "
"1","                     -0.072448612"
"1","
"
"1","                                        "
"1"," 675c847bccbc53942ebb7b8cbb4efc4d"
"1","
residual_energia2_kcal                  "
"1","                     -0.017000548"
"1","
residual_carboidrato_total_g            "
"1","                      0.071862764"
"1","
residual_proteina_g                     "
"1","                     -0.054529950"
"1","
residual_lipidios_g                     "
"1","                     -0.028786473"
"1","
residual_fibra_alimentar_g              "
"1","                      0.060316760"
"1","
residual_colesterol_mg                  "
"1","                      0.231857734"
"1","
residual_acidos_graxos_saturados_g      "
"1","                     -0.012840770"
"1","
residual_acidos_graxos_monoinsaturados_g"
"1","                      0.061315112"
"1","
residual_acidos_graxos_poliinsaturados_g"
"1","                     -0.115410949"
"1","
residual_acidos_graxos_trans_g          "
"1","                     -0.066394885"
"1","
residual_calcio_mg                      "
"1","                     -0.039299567"
"1","
residual_ferro_mg                       "
"1","                      0.023529965"
"1","
residual_sodio_mg                       "
"1","                     -0.150731105"
"1","
residual_magnesio_mg                    "
"1","                      0.006876707"
"1","
residual_fosforo_mg                     "
"1","                     -0.020567165"
"1","
residual_potassio_mg                    "
"1","                      0.010881587"
"1","
residual_manganes_mg                    "
"1","                     -0.013540913"
"1","
residual_zinco_mg                       "
"1","                      0.005998238"
"1","
residual_cobre_mg                       "
"1","                      0.285980089"
"1","
residual_selenio_mcg                    "
"1","                      0.044735299"
"1","
residual_vitamina_A_RE_mcg              "
"1","                      0.321974537"
"1","
residual_vitamina_A_RAE_mcg             "
"1","                      0.335579164"
"1","
residual_vitamina_D_mcg                 "
"1","                      0.089187688"
"1","
residual_vitamina_E_mg                  "
"1","                     -0.049056916"
"1","
residual_tiamina_mg                     "
"1","                     -0.065921304"
"1","
residual_riboflavina_mg                 "
"1","                      0.147070605"
"1","
residual_niacina_mg                     "
"1","                     -0.141994180"
"1","
residual_vitamina_B6_mg                 "
"1","                     -0.058781984"
"1","
residual_vitamina_B12_mcg               "
"1","                      0.287311040"
"1","
residual_vitamina_C_mg                  "
"1","                     -0.046416903"
"1","
residual_equivalente_de_folato_mcg      "
"1","                      0.100594870"
"1","
residual_sal_de_adicao_g                "
"1","                     -0.048185655"
"1","
residual_acucar_de_adicao_g             "
"1","                      0.048929673"
"1","
"
"1","                                        "
"1"," f5f5e0da89730462abaf6301a9557193"
"1","
residual_energia2_kcal                  "
"1","                      0.108961601"
"1","
residual_carboidrato_total_g            "
"1","                     -0.109281407"
"1","
residual_proteina_g                     "
"1","                      0.018831523"
"1","
residual_lipidios_g                     "
"1","                     -0.008208510"
"1","
residual_fibra_alimentar_g              "
"1","                      0.149331457"
"1","
residual_colesterol_mg                  "
"1","                     -0.041728888"
"1","
residual_acidos_graxos_saturados_g      "
"1","                     -0.114034609"
"1","
residual_acidos_graxos_monoinsaturados_g"
"1","                     -0.004665213"
"1","
residual_acidos_graxos_poliinsaturados_g"
"1","                      0.031375972"
"1","
residual_acidos_graxos_trans_g          "
"1","                     -0.048771558"
"1","
residual_calcio_mg                      "
"1","                     -0.075783267"
"1","
residual_ferro_mg                       "
"1","                     -0.114161785"
"1","
residual_sodio_mg                       "
"1","                      0.152102888"
"1","
residual_magnesio_mg                    "
"1","                      0.111863939"
"1","
residual_fosforo_mg                     "
"1","                      0.064630472"
"1","
residual_potassio_mg                    "
"1","                      0.024467475"
"1","
residual_manganes_mg                    "
"1","                      0.022265900"
"1","
residual_zinco_mg                       "
"1","                      0.020654650"
"1","
residual_cobre_mg                       "
"1","                     -0.004347520"
"1","
residual_selenio_mcg                    "
"1","                     -0.045418033"
"1","
residual_vitamina_A_RE_mcg              "
"1","                     -0.065373252"
"1","
residual_vitamina_A_RAE_mcg             "
"1","                     -0.072087549"
"1","
residual_vitamina_D_mcg                 "
"1","                     -0.057010472"
"1","
residual_vitamina_E_mg                  "
"1","                     -0.071926508"
"1","
residual_tiamina_mg                     "
"1","                      0.199248865"
"1","
residual_riboflavina_mg                 "
"1","                     -0.107603046"
"1","
residual_niacina_mg                     "
"1","                      0.023620623"
"1","
residual_vitamina_B6_mg                 "
"1","                      0.072868262"
"1","
residual_vitamina_B12_mcg               "
"1","                     -0.078345510"
"1","
residual_vitamina_C_mg                  "
"1","                     -0.070245656"
"1","
residual_equivalente_de_folato_mcg      "
"1","                      0.038529461"
"1","
residual_sal_de_adicao_g                "
"1","                      0.028371475"
"1","
residual_acucar_de_adicao_g             "
"1","                     -0.173260417"
"1","
"
"1","                                        "
"1"," 0a68ec564e278b0246c920ad7de41880"
"1","
residual_energia2_kcal                  "
"1","                       0.20645504"
"1","
residual_carboidrato_total_g            "
"1","                      -0.08840698"
"1","
residual_proteina_g                     "
"1","                       0.03235033"
"1","
residual_lipidios_g                     "
"1","                       0.08465942"
"1","
residual_fibra_alimentar_g              "
"1","                       0.01775097"
"1","
residual_colesterol_mg                  "
"1","                      -0.03634089"
"1","
residual_acidos_graxos_saturados_g      "
"1","                       0.04916801"
"1","
residual_acidos_graxos_monoinsaturados_g"
"1","                       0.08160891"
"1","
residual_acidos_graxos_poliinsaturados_g"
"1","                       0.01459951"
"1","
residual_acidos_graxos_trans_g          "
"1","                       0.09356410"
"1","
residual_calcio_mg                      "
"1","                      -0.01957484"
"1","
residual_ferro_mg                       "
"1","                       0.08475248"
"1","
residual_sodio_mg                       "
"1","                       0.14381203"
"1","
residual_magnesio_mg                    "
"1","                       0.03527047"
"1","
residual_fosforo_mg                     "
"1","                       0.04434070"
"1","
residual_potassio_mg                    "
"1","                       0.11308272"
"1","
residual_manganes_mg                    "
"1","                      -0.04336141"
"1","
residual_zinco_mg                       "
"1","                      -0.05152947"
"1","
residual_cobre_mg                       "
"1","                      -0.03984146"
"1","
residual_selenio_mcg                    "
"1","                       0.03603380"
"1","
residual_vitamina_A_RE_mcg              "
"1","                      -0.11490628"
"1","
residual_vitamina_A_RAE_mcg             "
"1","                      -0.10248358"
"1","
residual_vitamina_D_mcg                 "
"1","                      -0.07533911"
"1","
residual_vitamina_E_mg                  "
"1","                      -0.07772307"
"1","
residual_tiamina_mg                     "
"1","                       0.13032157"
"1","
residual_riboflavina_mg                 "
"1","                       0.03787587"
"1","
residual_niacina_mg                     "
"1","                       0.02782207"
"1","
residual_vitamina_B6_mg                 "
"1","                       0.04675961"
"1","
residual_vitamina_B12_mcg               "
"1","                       0.05899219"
"1","
residual_vitamina_C_mg                  "
"1","                      -0.13526817"
"1","
residual_equivalente_de_folato_mcg      "
"1","                       0.01463445"
"1","
residual_sal_de_adicao_g                "
"1","                      -0.01062313"
"1","
residual_acucar_de_adicao_g             "
"1","                      -0.09756055"
"1","
"
"1","                                        "
"1"," c48070f3061b086b60ff32f77e0002fa"
"1","
residual_energia2_kcal                  "
"1","                      0.103898724"
"1","
residual_carboidrato_total_g            "
"1","                     -0.118762331"
"1","
residual_proteina_g                     "
"1","                     -0.026284529"
"1","
residual_lipidios_g                     "
"1","                      0.186126251"
"1","
residual_fibra_alimentar_g              "
"1","                     -0.095734760"
"1","
residual_colesterol_mg                  "
"1","                      0.096946178"
"1","
residual_acidos_graxos_saturados_g      "
"1","                      0.212094292"
"1","
residual_acidos_graxos_monoinsaturados_g"
"1","                      0.126546022"
"1","
residual_acidos_graxos_poliinsaturados_g"
"1","                      0.066684349"
"1","
residual_acidos_graxos_trans_g          "
"1","                     -0.009698496"
"1","
residual_calcio_mg                      "
"1","                      0.116086732"
"1","
residual_ferro_mg                       "
"1","                     -0.108612818"
"1","
residual_sodio_mg                       "
"1","                     -0.016641115"
"1","
residual_magnesio_mg                    "
"1","                     -0.091559057"
"1","
residual_fosforo_mg                     "
"1","                      0.014781967"
"1","
residual_potassio_mg                    "
"1","                     -0.103192654"
"1","
residual_manganes_mg                    "
"1","                     -0.032504288"
"1","
residual_zinco_mg                       "
"1","                     -0.098604079"
"1","
residual_cobre_mg                       "
"1","                     -0.063460577"
"1","
residual_selenio_mcg                    "
"1","                      0.019997143"
"1","
residual_vitamina_A_RE_mcg              "
"1","                     -0.011352233"
"1","
residual_vitamina_A_RAE_mcg             "
"1","                     -0.005739459"
"1","
residual_vitamina_D_mcg                 "
"1","                      0.082719631"
"1","
residual_vitamina_E_mg                  "
"1","                     -0.045969517"
"1","
residual_tiamina_mg                     "
"1","                      0.220621880"
"1","
residual_riboflavina_mg                 "
"1","                      0.008591359"
"1","
residual_niacina_mg                     "
"1","                      0.025613126"
"1","
residual_vitamina_B6_mg                 "
"1","                     -0.095689532"
"1","
residual_vitamina_B12_mcg               "
"1","                     -0.030306537"
"1","
residual_vitamina_C_mg                  "
"1","                     -0.137234903"
"1","
residual_equivalente_de_folato_mcg      "
"1","                     -0.154954474"
"1","
residual_sal_de_adicao_g                "
"1","                     -0.129669863"
"1","
residual_acucar_de_adicao_g             "
"1","                     -0.033086327"
"1","
"
"1","                                        "
"1"," 8135beec331a8d558070c38b580e4b8e"
"1","
residual_energia2_kcal                  "
"1","                      0.061766205"
"1","
residual_carboidrato_total_g            "
"1","                      0.006788108"
"1","
residual_proteina_g                     "
"1","                     -0.119066314"
"1","
residual_lipidios_g                     "
"1","                      0.034438349"
"1","
residual_fibra_alimentar_g              "
"1","                      0.001805328"
"1","
residual_colesterol_mg                  "
"1","                     -0.094968326"
"1","
residual_acidos_graxos_saturados_g      "
"1","                      0.049237918"
"1","
residual_acidos_graxos_monoinsaturados_g"
"1","                     -0.060238730"
"1","
residual_acidos_graxos_poliinsaturados_g"
"1","                      0.054162445"
"1","
residual_acidos_graxos_trans_g          "
"1","                      0.136893289"
"1","
residual_calcio_mg                      "
"1","                     -0.014930827"
"1","
residual_ferro_mg                       "
"1","                     -0.063876214"
"1","
residual_sodio_mg                       "
"1","                      0.024643534"
"1","
residual_magnesio_mg                    "
"1","                     -0.004596116"
"1","
residual_fosforo_mg                     "
"1","                     -0.115194143"
"1","
residual_potassio_mg                    "
"1","                     -0.018471655"
"1","
residual_manganes_mg                    "
"1","                      0.019042297"
"1","
residual_zinco_mg                       "
"1","                     -0.178565791"
"1","
residual_cobre_mg                       "
"1","                     -0.020343048"
"1","
residual_selenio_mcg                    "
"1","                     -0.024721485"
"1","
residual_vitamina_A_RE_mcg              "
"1","                     -0.080834909"
"1","
residual_vitamina_A_RAE_mcg             "
"1","                     -0.059310470"
"1","
residual_vitamina_D_mcg                 "
"1","                     -0.134199647"
"1","
residual_vitamina_E_mg                  "
"1","                     -0.089033431"
"1","
residual_tiamina_mg                     "
"1","                     -0.049356644"
"1","
residual_riboflavina_mg                 "
"1","                     -0.050423854"
"1","
residual_niacina_mg                     "
"1","                      0.009351777"
"1","
residual_vitamina_B6_mg                 "
"1","                      0.044449011"
"1","
residual_vitamina_B12_mcg               "
"1","                      0.040061494"
"1","
residual_vitamina_C_mg                  "
"1","                     -0.123589687"
"1","
residual_equivalente_de_folato_mcg      "
"1","                     -0.022232047"
"1","
residual_sal_de_adicao_g                "
"1","                     -0.213300411"
"1","
residual_acucar_de_adicao_g             "
"1","                     -0.075376569"
"1","
"
"1","                                        "
"1"," 5a6c87d6a4eb5e114959f6192f29b641"
"1","
residual_energia2_kcal                  "
"1","                     -0.055490999"
"1","
residual_carboidrato_total_g            "
"1","                      0.064652698"
"1","
residual_proteina_g                     "
"1","                      0.027696884"
"1","
residual_lipidios_g                     "
"1","                     -0.065031167"
"1","
residual_fibra_alimentar_g              "
"1","                     -0.004270263"
"1","
residual_colesterol_mg                  "
"1","                     -0.076166298"
"1","
residual_acidos_graxos_saturados_g      "
"1","                     -0.034114569"
"1","
residual_acidos_graxos_monoinsaturados_g"
"1","                     -0.116821700"
"1","
residual_acidos_graxos_poliinsaturados_g"
"1","                     -0.027893531"
"1","
residual_acidos_graxos_trans_g          "
"1","                      0.028111484"
"1","
residual_calcio_mg                      "
"1","                      0.055258727"
"1","
residual_ferro_mg                       "
"1","                      0.025394820"
"1","
residual_sodio_mg                       "
"1","                      0.012121681"
"1","
residual_magnesio_mg                    "
"1","                      0.002027256"
"1","
residual_fosforo_mg                     "
"1","                      0.020389999"
"1","
residual_potassio_mg                    "
"1","                      0.033163048"
"1","
residual_manganes_mg                    "
"1","                      0.049027880"
"1","
residual_zinco_mg                       "
"1","                      0.076038263"
"1","
residual_cobre_mg                       "
"1","                      0.010471809"
"1","
residual_selenio_mcg                    "
"1","                     -0.002406965"
"1","
residual_vitamina_A_RE_mcg              "
"1","                     -0.101484339"
"1","
residual_vitamina_A_RAE_mcg             "
"1","                     -0.094688009"
"1","
residual_vitamina_D_mcg                 "
"1","                      0.064740054"
"1","
residual_vitamina_E_mg                  "
"1","                     -0.068374730"
"1","
residual_tiamina_mg                     "
"1","                      0.068007120"
"1","
residual_riboflavina_mg                 "
"1","                      0.020174075"
"1","
residual_niacina_mg                     "
"1","                      0.034482358"
"1","
residual_vitamina_B6_mg                 "
"1","                      0.016193143"
"1","
residual_vitamina_B12_mcg               "
"1","                     -0.071239865"
"1","
residual_vitamina_C_mg                  "
"1","                      0.056741019"
"1","
residual_equivalente_de_folato_mcg      "
"1","                      0.030507232"
"1","
residual_sal_de_adicao_g                "
"1","                     -0.005926236"
"1","
residual_acucar_de_adicao_g             "
"1","                     -0.096121767"
"1","
"
"1","                                        "
"1"," 59777186ad2e0947e97615b5d6225136"
"1","
residual_energia2_kcal                  "
"1","                     -0.070560061"
"1","
residual_carboidrato_total_g            "
"1","                     -0.004441075"
"1","
residual_proteina_g                     "
"1","                      0.258008774"
"1","
residual_lipidios_g                     "
"1","                     -0.104659379"
"1","
residual_fibra_alimentar_g              "
"1","                      0.168371441"
"1","
residual_colesterol_mg                  "
"1","                     -0.077371274"
"1","
residual_acidos_graxos_saturados_g      "
"1","                     -0.120673317"
"1","
residual_acidos_graxos_monoinsaturados_g"
"1","                     -0.080645195"
"1","
residual_acidos_graxos_poliinsaturados_g"
"1","                     -0.010302454"
"1","
residual_acidos_graxos_trans_g          "
"1","                     -0.103741706"
"1","
residual_calcio_mg                      "
"1","                      0.268532667"
"1","
residual_ferro_mg                       "
"1","                     -0.111643399"
"1","
residual_sodio_mg                       "
"1","                      0.002677869"
"1","
residual_magnesio_mg                    "
"1","                      0.253209014"
"1","
residual_fosforo_mg                     "
"1","                      0.377731397"
"1","
residual_potassio_mg                    "
"1","                      0.373159899"
"1","
residual_manganes_mg                    "
"1","                      0.059840507"
"1","
residual_zinco_mg                       "
"1","                     -0.029488878"
"1","
residual_cobre_mg                       "
"1","                     -0.055996954"
"1","
residual_selenio_mcg                    "
"1","                      0.014719889"
"1","
residual_vitamina_A_RE_mcg              "
"1","                      0.090352513"
"1","
residual_vitamina_A_RAE_mcg             "
"1","                      0.016081034"
"1","
residual_vitamina_D_mcg                 "
"1","                     -0.044794133"
"1","
residual_vitamina_E_mg                  "
"1","                      0.071761510"
"1","
residual_tiamina_mg                     "
"1","                     -0.008764630"
"1","
residual_riboflavina_mg                 "
"1","                      0.104799302"
"1","
residual_niacina_mg                     "
"1","                      0.152211601"
"1","
residual_vitamina_B6_mg                 "
"1","                     -0.035677865"
"1","
residual_vitamina_B12_mcg               "
"1","                     -0.058189139"
"1","
residual_vitamina_C_mg                  "
"1","                      0.050501604"
"1","
residual_equivalente_de_folato_mcg      "
"1","                      0.015385190"
"1","
residual_sal_de_adicao_g                "
"1","                      0.361020908"
"1","
residual_acucar_de_adicao_g             "
"1","                     -0.138239685"
"1","
"
"1","                                        "
"1"," 533b6c05a74b2c25a94f884d6fe42f9d"
"1","
residual_energia2_kcal                  "
"1","                    -0.0357931657"
"1","
residual_carboidrato_total_g            "
"1","                     0.0578218581"
"1","
residual_proteina_g                     "
"1","                     0.0061588524"
"1","
residual_lipidios_g                     "
"1","                    -0.1357887710"
"1","
residual_fibra_alimentar_g              "
"1","                    -0.0948023203"
"1","
residual_colesterol_mg                  "
"1","                    -0.0014256520"
"1","
residual_acidos_graxos_saturados_g      "
"1","                    -0.1437882096"
"1","
residual_acidos_graxos_monoinsaturados_g"
"1","                    -0.1437236072"
"1","
residual_acidos_graxos_poliinsaturados_g"
"1","                    -0.0506727261"
"1","
residual_acidos_graxos_trans_g          "
"1","                    -0.0707112914"
"1","
residual_calcio_mg                      "
"1","                    -0.0380011301"
"1","
residual_ferro_mg                       "
"1","                     0.0333356239"
"1","
residual_sodio_mg                       "
"1","                     0.0521526246"
"1","
residual_magnesio_mg                    "
"1","                    -0.0838721473"
"1","
residual_fosforo_mg                     "
"1","                    -0.0376760100"
"1","
residual_potassio_mg                    "
"1","                    -0.0113354650"
"1","
residual_manganes_mg                    "
"1","                    -0.0585333193"
"1","
residual_zinco_mg                       "
"1","                    -0.0118500986"
"1","
residual_cobre_mg                       "
"1","                    -0.0032561593"
"1","
residual_selenio_mcg                    "
"1","                    -0.0779352331"
"1","
residual_vitamina_A_RE_mcg              "
"1","                    -0.0744252601"
"1","
residual_vitamina_A_RAE_mcg             "
"1","                    -0.0599341758"
"1","
residual_vitamina_D_mcg                 "
"1","                    -0.0617243198"
"1","
residual_vitamina_E_mg                  "
"1","                    -0.0640402337"
"1","
residual_tiamina_mg                     "
"1","                    -0.0566155868"
"1","
residual_riboflavina_mg                 "
"1","                    -0.0395829597"
"1","
residual_niacina_mg                     "
"1","                     0.0462806411"
"1","
residual_vitamina_B6_mg                 "
"1","                     0.0714062100"
"1","
residual_vitamina_B12_mcg               "
"1","                    -0.0529288940"
"1","
residual_vitamina_C_mg                  "
"1","                    -0.0005909813"
"1","
residual_equivalente_de_folato_mcg      "
"1","                    -0.0388131232"
"1","
residual_sal_de_adicao_g                "
"1","                     0.0269773468"
"1","
residual_acucar_de_adicao_g             "
"1","                     0.2319901863"
"1","
"
"1","                                        "
"1"," 7b28c20e72c6c95b3e604f0849245770"
"1","
residual_energia2_kcal                  "
"1","                    -0.0241466310"
"1","
residual_carboidrato_total_g            "
"1","                     0.0580482197"
"1","
residual_proteina_g                     "
"1","                    -0.1117553376"
"1","
residual_lipidios_g                     "
"1","                    -0.0158086659"
"1","
residual_fibra_alimentar_g              "
"1","                     0.0481363347"
"1","
residual_colesterol_mg                  "
"1","                    -0.0801510240"
"1","
residual_acidos_graxos_saturados_g      "
"1","                    -0.0575591942"
"1","
residual_acidos_graxos_monoinsaturados_g"
"1","                    -0.1040877608"
"1","
residual_acidos_graxos_poliinsaturados_g"
"1","                    -0.0018703560"
"1","
residual_acidos_graxos_trans_g          "
"1","                     0.0938017828"
"1","
residual_calcio_mg                      "
"1","                    -0.0382625786"
"1","
residual_ferro_mg                       "
"1","                    -0.1028077255"
"1","
residual_sodio_mg                       "
"1","                     0.0746023050"
"1","
residual_magnesio_mg                    "
"1","                    -0.0001369593"
"1","
residual_fosforo_mg                     "
"1","                    -0.0705731339"
"1","
residual_potassio_mg                    "
"1","                    -0.0401489126"
"1","
residual_manganes_mg                    "
"1","                     0.0406256586"
"1","
residual_zinco_mg                       "
"1","                     0.0020648729"
"1","
residual_cobre_mg                       "
"1","                    -0.0318981496"
"1","
residual_selenio_mcg                    "
"1","                    -0.0595415594"
"1","
residual_vitamina_A_RE_mcg              "
"1","                    -0.0501785752"
"1","
residual_vitamina_A_RAE_mcg             "
"1","                    -0.0525059271"
"1","
residual_vitamina_D_mcg                 "
"1","                     0.0437460507"
"1","
residual_vitamina_E_mg                  "
"1","                     0.2619856669"
"1","
residual_tiamina_mg                     "
"1","                    -0.0137536840"
"1","
residual_riboflavina_mg                 "
"1","                    -0.0862236586"
"1","
residual_niacina_mg                     "
"1","                     0.0109323064"
"1","
residual_vitamina_B6_mg                 "
"1","                     0.0618515644"
"1","
residual_vitamina_B12_mcg               "
"1","                    -0.0811084846"
"1","
residual_vitamina_C_mg                  "
"1","                    -0.0658648908"
"1","
residual_equivalente_de_folato_mcg      "
"1","                     0.0376589717"
"1","
residual_sal_de_adicao_g                "
"1","                    -0.0250299952"
"1","
residual_acucar_de_adicao_g             "
"1","                    -0.0583698243"
"1","
"
"1","                                        "
"1"," ee72ee97db064e5d745356f479b9e576"
"1","
residual_energia2_kcal                  "
"1","                      -0.06449993"
"1","
residual_carboidrato_total_g            "
"1","                       0.13865601"
"1","
residual_proteina_g                     "
"1","                      -0.06420304"
"1","
residual_lipidios_g                     "
"1","                      -0.12155147"
"1","
residual_fibra_alimentar_g              "
"1","                       0.04466255"
"1","
residual_colesterol_mg                  "
"1","                      -0.06590268"
"1","
residual_acidos_graxos_saturados_g      "
"1","                      -0.10714807"
"1","
residual_acidos_graxos_monoinsaturados_g"
"1","                      -0.12771627"
"1","
residual_acidos_graxos_poliinsaturados_g"
"1","                      -0.02164478"
"1","
residual_acidos_graxos_trans_g          "
"1","                      -0.01766273"
"1","
residual_calcio_mg                      "
"1","                      -0.05249413"
"1","
residual_ferro_mg                       "
"1","                       0.07682306"
"1","
residual_sodio_mg                       "
"1","                       0.01984917"
"1","
residual_magnesio_mg                    "
"1","                       0.03649970"
"1","
residual_fosforo_mg                     "
"1","                      -0.07039500"
"1","
residual_potassio_mg                    "
"1","                      -0.01570154"
"1","
residual_manganes_mg                    "
"1","                       0.01464670"
"1","
residual_zinco_mg                       "
"1","                      -0.06421274"
"1","
residual_cobre_mg                       "
"1","                      -0.02585427"
"1","
residual_selenio_mcg                    "
"1","                       0.07875292"
"1","
residual_vitamina_A_RE_mcg              "
"1","                      -0.07679680"
"1","
residual_vitamina_A_RAE_mcg             "
"1","                      -0.06818396"
"1","
residual_vitamina_D_mcg                 "
"1","                       0.03948175"
"1","
residual_vitamina_E_mg                  "
"1","                      -0.04952616"
"1","
residual_tiamina_mg                     "
"1","                       0.13631604"
"1","
residual_riboflavina_mg                 "
"1","                      -0.01297783"
"1","
residual_niacina_mg                     "
"1","                       0.10180933"
"1","
residual_vitamina_B6_mg                 "
"1","                      -0.05052193"
"1","
residual_vitamina_B12_mcg               "
"1","                      -0.05391586"
"1","
residual_vitamina_C_mg                  "
"1","                       0.07143564"
"1","
residual_equivalente_de_folato_mcg      "
"1","                       0.00872230"
"1","
residual_sal_de_adicao_g                "
"1","                      -0.02820267"
"1","
residual_acucar_de_adicao_g             "
"1","                       0.17294137"
"1","
"
"1","                                        "
"1"," d76d59ec71de0e3b22da0c9cd564d41a"
"1","
residual_energia2_kcal                  "
"1","                      0.054779693"
"1","
residual_carboidrato_total_g            "
"1","                     -0.102338947"
"1","
residual_proteina_g                     "
"1","                      0.034338363"
"1","
residual_lipidios_g                     "
"1","                      0.140938584"
"1","
residual_fibra_alimentar_g              "
"1","                     -0.051364478"
"1","
residual_colesterol_mg                  "
"1","                     -0.014963361"
"1","
residual_acidos_graxos_saturados_g      "
"1","                      0.126946004"
"1","
residual_acidos_graxos_monoinsaturados_g"
"1","                      0.107789838"
"1","
residual_acidos_graxos_poliinsaturados_g"
"1","                     -0.004384588"
"1","
residual_acidos_graxos_trans_g          "
"1","                      0.315484058"
"1","
residual_calcio_mg                      "
"1","                     -0.036423687"
"1","
residual_ferro_mg                       "
"1","                      0.043445658"
"1","
residual_sodio_mg                       "
"1","                     -0.062580977"
"1","
residual_magnesio_mg                    "
"1","                      0.004080685"
"1","
residual_fosforo_mg                     "
"1","                      0.015051962"
"1","
residual_potassio_mg                    "
"1","                      0.012667229"
"1","
residual_manganes_mg                    "
"1","                      0.025765775"
"1","
residual_zinco_mg                       "
"1","                      0.021382152"
"1","
residual_cobre_mg                       "
"1","                     -0.072335301"
"1","
residual_selenio_mcg                    "
"1","                     -0.058449237"
"1","
residual_vitamina_A_RE_mcg              "
"1","                     -0.050045447"
"1","
residual_vitamina_A_RAE_mcg             "
"1","                     -0.047284161"
"1","
residual_vitamina_D_mcg                 "
"1","                     -0.037635240"
"1","
residual_vitamina_E_mg                  "
"1","                     -0.038803300"
"1","
residual_tiamina_mg                     "
"1","                      0.039783152"
"1","
residual_riboflavina_mg                 "
"1","                     -0.035588212"
"1","
residual_niacina_mg                     "
"1","                     -0.007810815"
"1","
residual_vitamina_B6_mg                 "
"1","                     -0.020606801"
"1","
residual_vitamina_B12_mcg               "
"1","                     -0.044676275"
"1","
residual_vitamina_C_mg                  "
"1","                     -0.134333817"
"1","
residual_equivalente_de_folato_mcg      "
"1","                     -0.090715988"
"1","
residual_sal_de_adicao_g                "
"1","                     -0.066849801"
"1","
residual_acucar_de_adicao_g             "
"1","                     -0.103808899"
"1","
"
"1","                                        "
"1"," da6a7cba87e0895b9cbe6037b9bd8b3b"
"1","
residual_energia2_kcal                  "
"1","                     0.0775667153"
"1","
residual_carboidrato_total_g            "
"1","                    -0.1350971491"
"1","
residual_proteina_g                     "
"1","                     0.0853856879"
"1","
residual_lipidios_g                     "
"1","                     0.0795923542"
"1","
residual_fibra_alimentar_g              "
"1","                    -0.0401140269"
"1","
residual_colesterol_mg                  "
"1","                     0.2211757491"
"1","
residual_acidos_graxos_saturados_g      "
"1","                     0.1183543224"
"1","
residual_acidos_graxos_monoinsaturados_g"
"1","                     0.2249421534"
"1","
residual_acidos_graxos_poliinsaturados_g"
"1","                    -0.1046706369"
"1","
residual_acidos_graxos_trans_g          "
"1","                    -0.0529635406"
"1","
residual_calcio_mg                      "
"1","                    -0.2502268603"
"1","
residual_ferro_mg                       "
"1","                     0.0382466070"
"1","
residual_sodio_mg                       "
"1","                    -0.0010468237"
"1","
residual_magnesio_mg                    "
"1","                    -0.1026729909"
"1","
residual_fosforo_mg                     "
"1","                    -0.0628455693"
"1","
residual_potassio_mg                    "
"1","                     0.0347756542"
"1","
residual_manganes_mg                    "
"1","                    -0.0674665061"
"1","
residual_zinco_mg                       "
"1","                     0.0506735048"
"1","
residual_cobre_mg                       "
"1","                     0.0998365189"
"1","
residual_selenio_mcg                    "
"1","                     0.0149725811"
"1","
residual_vitamina_A_RE_mcg              "
"1","                     0.0760073507"
"1","
residual_vitamina_A_RAE_mcg             "
"1","                     0.0892240599"
"1","
residual_vitamina_D_mcg                 "
"1","                    -0.0070525638"
"1","
residual_vitamina_E_mg                  "
"1","                    -0.0560397750"
"1","
residual_tiamina_mg                     "
"1","                     0.0370136062"
"1","
residual_riboflavina_mg                 "
"1","                     0.0006975777"
"1","
residual_niacina_mg                     "
"1","                    -0.0218189940"
"1","
residual_vitamina_B6_mg                 "
"1","                     0.0843752572"
"1","
residual_vitamina_B12_mcg               "
"1","                     0.1123760218"
"1","
residual_vitamina_C_mg                  "
"1","                    -0.0336127497"
"1","
residual_equivalente_de_folato_mcg      "
"1","                    -0.0399652094"
"1","
residual_sal_de_adicao_g                "
"1","                     0.1147202754"
"1","
residual_acucar_de_adicao_g             "
"1","                     0.0432560043"
"1","
"
"1","                                        "
"1"," d46e2205f0c6ecf67b51f83d111c509c"
"1","
residual_energia2_kcal                  "
"1","                     0.0546204374"
"1","
residual_carboidrato_total_g            "
"1","                    -0.0191176880"
"1","
residual_proteina_g                     "
"1","                    -0.0465737607"
"1","
residual_lipidios_g                     "
"1","                     0.0925617168"
"1","
residual_fibra_alimentar_g              "
"1","                     0.0007378860"
"1","
residual_colesterol_mg                  "
"1","                     0.0513535697"
"1","
residual_acidos_graxos_saturados_g      "
"1","                     0.0769244702"
"1","
residual_acidos_graxos_monoinsaturados_g"
"1","                     0.0635255147"
"1","
residual_acidos_graxos_poliinsaturados_g"
"1","                     0.0808168804"
"1","
residual_acidos_graxos_trans_g          "
"1","                     0.1434344756"
"1","
residual_calcio_mg                      "
"1","                    -0.0445414504"
"1","
residual_ferro_mg                       "
"1","                    -0.0634517529"
"1","
residual_sodio_mg                       "
"1","                     0.0132424469"
"1","
residual_magnesio_mg                    "
"1","                    -0.0324399929"
"1","
residual_fosforo_mg                     "
"1","                    -0.0358868506"
"1","
residual_potassio_mg                    "
"1","                    -0.1013894777"
"1","
residual_manganes_mg                    "
"1","                    -0.0006153517"
"1","
residual_zinco_mg                       "
"1","                    -0.0164150589"
"1","
residual_cobre_mg                       "
"1","                     0.0052747387"
"1","
residual_selenio_mcg                    "
"1","                    -0.0484529637"
"1","
residual_vitamina_A_RE_mcg              "
"1","                    -0.0306123711"
"1","
residual_vitamina_A_RAE_mcg             "
"1","                    -0.0229912124"
"1","
residual_vitamina_D_mcg                 "
"1","                    -0.0052781062"
"1","
residual_vitamina_E_mg                  "
"1","                    -0.0155533049"
"1","
residual_tiamina_mg                     "
"1","                    -0.0197209954"
"1","
residual_riboflavina_mg                 "
"1","                    -0.0559058344"
"1","
residual_niacina_mg                     "
"1","                    -0.1106365644"
"1","
residual_vitamina_B6_mg                 "
"1","                    -0.0504384449"
"1","
residual_vitamina_B12_mcg               "
"1","                    -0.0294141387"
"1","
residual_vitamina_C_mg                  "
"1","                    -0.0691332607"
"1","
residual_equivalente_de_folato_mcg      "
"1","                    -0.0271762529"
"1","
residual_sal_de_adicao_g                "
"1","                     0.0683661579"
"1","
residual_acucar_de_adicao_g             "
"1","                    -0.0585225739"
"1","
"
"1","                                        "
"1"," fd496fd32dc8c08ade2e8b6c9d8ee13d"
"1","
residual_energia2_kcal                  "
"1","                    -0.0012906121"
"1","
residual_carboidrato_total_g            "
"1","                    -0.0149644636"
"1","
residual_proteina_g                     "
"1","                     0.0136194333"
"1","
residual_lipidios_g                     "
"1","                     0.0401813246"
"1","
residual_fibra_alimentar_g              "
"1","                     0.0057575763"
"1","
residual_colesterol_mg                  "
"1","                     0.1500115793"
"1","
residual_acidos_graxos_saturados_g      "
"1","                     0.0624256258"
"1","
residual_acidos_graxos_monoinsaturados_g"
"1","                     0.0171415643"
"1","
residual_acidos_graxos_poliinsaturados_g"
"1","                     0.0006172626"
"1","
residual_acidos_graxos_trans_g          "
"1","                    -0.0221115113"
"1","
residual_calcio_mg                      "
"1","                     0.0797516148"
"1","
residual_ferro_mg                       "
"1","                    -0.0038820239"
"1","
residual_sodio_mg                       "
"1","                    -0.0658454603"
"1","
residual_magnesio_mg                    "
"1","                    -0.0159935882"
"1","
residual_fosforo_mg                     "
"1","                     0.0301775695"
"1","
residual_potassio_mg                    "
"1","                    -0.0315675889"
"1","
residual_manganes_mg                    "
"1","                    -0.0098243227"
"1","
residual_zinco_mg                       "
"1","                    -0.0040868434"
"1","
residual_cobre_mg                       "
"1","                    -0.0140760044"
"1","
residual_selenio_mcg                    "
"1","                    -0.0190367351"
"1","
residual_vitamina_A_RE_mcg              "
"1","                    -0.0005261245"
"1","
residual_vitamina_A_RAE_mcg             "
"1","                     0.0015249945"
"1","
residual_vitamina_D_mcg                 "
"1","                     0.0066045876"
"1","
residual_vitamina_E_mg                  "
"1","                    -0.0113621285"
"1","
residual_tiamina_mg                     "
"1","                    -0.0500231260"
"1","
residual_riboflavina_mg                 "
"1","                     0.0927893681"
"1","
residual_niacina_mg                     "
"1","                    -0.0898313614"
"1","
residual_vitamina_B6_mg                 "
"1","                    -0.0706498165"
"1","
residual_vitamina_B12_mcg               "
"1","                    -0.0210615699"
"1","
residual_vitamina_C_mg                  "
"1","                     0.0271645171"
"1","
residual_equivalente_de_folato_mcg      "
"1","                    -0.0253902836"
"1","
residual_sal_de_adicao_g                "
"1","                    -0.0820692912"
"1","
residual_acucar_de_adicao_g             "
"1","                    -0.0116534390"
"1","
"
"1","                                        "
"1"," 2e4f2b53b856c4def6d021d01f5abb70"
"1","
residual_energia2_kcal                  "
"1","                       0.29827675"
"1","
residual_carboidrato_total_g            "
"1","                      -0.12958657"
"1","
residual_proteina_g                     "
"1","                      -0.02119110"
"1","
residual_lipidios_g                     "
"1","                       0.14096369"
"1","
residual_fibra_alimentar_g              "
"1","                      -0.09166323"
"1","
residual_colesterol_mg                  "
"1","                       0.07804514"
"1","
residual_acidos_graxos_saturados_g      "
"1","                       0.16107244"
"1","
residual_acidos_graxos_monoinsaturados_g"
"1","                       0.09507069"
"1","
residual_acidos_graxos_poliinsaturados_g"
"1","                       0.03967481"
"1","
residual_acidos_graxos_trans_g          "
"1","                       0.05709629"
"1","
residual_calcio_mg                      "
"1","                       0.08851213"
"1","
residual_ferro_mg                       "
"1","                      -0.06652613"
"1","
residual_sodio_mg                       "
"1","                       0.02054014"
"1","
residual_magnesio_mg                    "
"1","                      -0.10690539"
"1","
residual_fosforo_mg                     "
"1","                       0.06165415"
"1","
residual_potassio_mg                    "
"1","                      -0.01611971"
"1","
residual_manganes_mg                    "
"1","                      -0.11427074"
"1","
residual_zinco_mg                       "
"1","                      -0.09775880"
"1","
residual_cobre_mg                       "
"1","                      -0.04888749"
"1","
residual_selenio_mcg                    "
"1","                       0.12556356"
"1","
residual_vitamina_A_RE_mcg              "
"1","                      -0.05747764"
"1","
residual_vitamina_A_RAE_mcg             "
"1","                      -0.05211749"
"1","
residual_vitamina_D_mcg                 "
"1","                       0.04084768"
"1","
residual_vitamina_E_mg                  "
"1","                      -0.09157941"
"1","
residual_tiamina_mg                     "
"1","                       0.04211605"
"1","
residual_riboflavina_mg                 "
"1","                       0.11759407"
"1","
residual_niacina_mg                     "
"1","                       0.05799055"
"1","
residual_vitamina_B6_mg                 "
"1","                       0.02968820"
"1","
residual_vitamina_B12_mcg               "
"1","                      -0.04243903"
"1","
residual_vitamina_C_mg                  "
"1","                      -0.03082835"
"1","
residual_equivalente_de_folato_mcg      "
"1","                      -0.10419850"
"1","
residual_sal_de_adicao_g                "
"1","                      -0.18922461"
"1","
residual_acucar_de_adicao_g             "
"1","                       0.06471921"
"1","
"
"1","                                        "
"1"," 00a96fbd0ac34bfd245f9c24f8737f7d"
"1","
residual_energia2_kcal                  "
"1","                      0.041235114"
"1","
residual_carboidrato_total_g            "
"1","                     -0.032786196"
"1","
residual_proteina_g                     "
"1","                     -0.024953161"
"1","
residual_lipidios_g                     "
"1","                      0.121606268"
"1","
residual_fibra_alimentar_g              "
"1","                     -0.033541855"
"1","
residual_colesterol_mg                  "
"1","                      0.008091219"
"1","
residual_acidos_graxos_saturados_g      "
"1","                      0.118712690"
"1","
residual_acidos_graxos_monoinsaturados_g"
"1","                      0.024753282"
"1","
residual_acidos_graxos_poliinsaturados_g"
"1","                      0.143134798"
"1","
residual_acidos_graxos_trans_g          "
"1","                      0.152830525"
"1","
residual_calcio_mg                      "
"1","                      0.021342669"
"1","
residual_ferro_mg                       "
"1","                      0.105154706"
"1","
residual_sodio_mg                       "
"1","                      0.005474595"
"1","
residual_magnesio_mg                    "
"1","                     -0.029895765"
"1","
residual_fosforo_mg                     "
"1","                      0.003686428"
"1","
residual_potassio_mg                    "
"1","                     -0.014363479"
"1","
residual_manganes_mg                    "
"1","                     -0.032017796"
"1","
residual_zinco_mg                       "
"1","                     -0.030270900"
"1","
residual_cobre_mg                       "
"1","                     -0.020555423"
"1","
residual_selenio_mcg                    "
"1","                     -0.059562854"
"1","
residual_vitamina_A_RE_mcg              "
"1","                     -0.066640085"
"1","
residual_vitamina_A_RAE_mcg             "
"1","                     -0.046212666"
"1","
residual_vitamina_D_mcg                 "
"1","                      0.006020826"
"1","
residual_vitamina_E_mg                  "
"1","                      0.101213550"
"1","
residual_tiamina_mg                     "
"1","                     -0.017044664"
"1","
residual_riboflavina_mg                 "
"1","                      0.040810114"
"1","
residual_niacina_mg                     "
"1","                     -0.143305287"
"1","
residual_vitamina_B6_mg                 "
"1","                     -0.147629694"
"1","
residual_vitamina_B12_mcg               "
"1","                      0.034688649"
"1","
residual_vitamina_C_mg                  "
"1","                     -0.146905299"
"1","
residual_equivalente_de_folato_mcg      "
"1","                     -0.045811490"
"1","
residual_sal_de_adicao_g                "
"1","                     -0.044841737"
"1","
residual_acucar_de_adicao_g             "
"1","                      0.238268148"
"1","
"
"1","                                        "
"1"," bed671b4676144142cebd192b690f499"
"1","
residual_energia2_kcal                  "
"1","                      0.051547665"
"1","
residual_carboidrato_total_g            "
"1","                     -0.087129704"
"1","
residual_proteina_g                     "
"1","                      0.006570896"
"1","
residual_lipidios_g                     "
"1","                      0.109594592"
"1","
residual_fibra_alimentar_g              "
"1","                     -0.165704064"
"1","
residual_colesterol_mg                  "
"1","                      0.049458825"
"1","
residual_acidos_graxos_saturados_g      "
"1","                      0.157998941"
"1","
residual_acidos_graxos_monoinsaturados_g"
"1","                      0.043430854"
"1","
residual_acidos_graxos_poliinsaturados_g"
"1","                     -0.007330338"
"1","
residual_acidos_graxos_trans_g          "
"1","                      0.124871670"
"1","
residual_calcio_mg                      "
"1","                      0.146227800"
"1","
residual_ferro_mg                       "
"1","                     -0.016037631"
"1","
residual_sodio_mg                       "
"1","                      0.006028494"
"1","
residual_magnesio_mg                    "
"1","                     -0.139194257"
"1","
residual_fosforo_mg                     "
"1","                      0.079803519"
"1","
residual_potassio_mg                    "
"1","                     -0.079915552"
"1","
residual_manganes_mg                    "
"1","                     -0.055514053"
"1","
residual_zinco_mg                       "
"1","                     -0.014852562"
"1","
residual_cobre_mg                       "
"1","                     -0.057043637"
"1","
residual_selenio_mcg                    "
"1","                      0.034606830"
"1","
residual_vitamina_A_RE_mcg              "
"1","                     -0.094033038"
"1","
residual_vitamina_A_RAE_mcg             "
"1","                     -0.078816024"
"1","
residual_vitamina_D_mcg                 "
"1","                      0.061831410"
"1","
residual_vitamina_E_mg                  "
"1","                      0.163149152"
"1","
residual_tiamina_mg                     "
"1","                      0.146046764"
"1","
residual_riboflavina_mg                 "
"1","                      0.074194827"
"1","
residual_niacina_mg                     "
"1","                     -0.005580486"
"1","
residual_vitamina_B6_mg                 "
"1","                     -0.018020841"
"1","
residual_vitamina_B12_mcg               "
"1","                     -0.042195789"
"1","
residual_vitamina_C_mg                  "
"1","                     -0.089604261"
"1","
residual_equivalente_de_folato_mcg      "
"1","                     -0.080306124"
"1","
residual_sal_de_adicao_g                "
"1","                     -0.154245881"
"1","
residual_acucar_de_adicao_g             "
"1","                      0.014069816"
"1","
"
"1","                                        "
"1"," 9e3226efaf559eb14a478f880462cb8a"
"1","
residual_energia2_kcal                  "
"1","                      0.048410422"
"1","
residual_carboidrato_total_g            "
"1","                     -0.042279876"
"1","
residual_proteina_g                     "
"1","                      0.088482438"
"1","
residual_lipidios_g                     "
"1","                     -0.017298611"
"1","
residual_fibra_alimentar_g              "
"1","                     -0.074734794"
"1","
residual_colesterol_mg                  "
"1","                     -0.009894823"
"1","
residual_acidos_graxos_saturados_g      "
"1","                      0.033960838"
"1","
residual_acidos_graxos_monoinsaturados_g"
"1","                     -0.024331715"
"1","
residual_acidos_graxos_poliinsaturados_g"
"1","                     -0.045198952"
"1","
residual_acidos_graxos_trans_g          "
"1","                     -0.029736414"
"1","
residual_calcio_mg                      "
"1","                      0.074288757"
"1","
residual_ferro_mg                       "
"1","                     -0.012966832"
"1","
residual_sodio_mg                       "
"1","                      0.036967575"
"1","
residual_magnesio_mg                    "
"1","                     -0.069683057"
"1","
residual_fosforo_mg                     "
"1","                      0.095668978"
"1","
residual_potassio_mg                    "
"1","                      0.002665081"
"1","
residual_manganes_mg                    "
"1","                     -0.001310024"
"1","
residual_zinco_mg                       "
"1","                      0.049360123"
"1","
residual_cobre_mg                       "
"1","                      0.087763764"
"1","
residual_selenio_mcg                    "
"1","                     -0.033285935"
"1","
residual_vitamina_A_RE_mcg              "
"1","                      0.068100712"
"1","
residual_vitamina_A_RAE_mcg             "
"1","                      0.082361606"
"1","
residual_vitamina_D_mcg                 "
"1","                     -0.007266523"
"1","
residual_vitamina_E_mg                  "
"1","                     -0.015466673"
"1","
residual_tiamina_mg                     "
"1","                      0.119024553"
"1","
residual_riboflavina_mg                 "
"1","                      0.154844193"
"1","
residual_niacina_mg                     "
"1","                      0.083827528"
"1","
residual_vitamina_B6_mg                 "
"1","                      0.055385563"
"1","
residual_vitamina_B12_mcg               "
"1","                      0.095834587"
"1","
residual_vitamina_C_mg                  "
"1","                     -0.048748587"
"1","
residual_equivalente_de_folato_mcg      "
"1","                     -0.066574762"
"1","
residual_sal_de_adicao_g                "
"1","                     -0.065377573"
"1","
residual_acucar_de_adicao_g             "
"1","                      0.024692179"
"1","
"
"1","                                        "
"1"," be22632d5e3f6175707a3213d7a90ad2"
"1","
residual_energia2_kcal                  "
"1","                      0.032550178"
"1","
residual_carboidrato_total_g            "
"1","                     -0.054015057"
"1","
residual_proteina_g                     "
"1","                     -0.006188359"
"1","
residual_lipidios_g                     "
"1","                      0.020428250"
"1","
residual_fibra_alimentar_g              "
"1","                      0.093958436"
"1","
residual_colesterol_mg                  "
"1","                     -0.049583074"
"1","
residual_acidos_graxos_saturados_g      "
"1","                     -0.095758159"
"1","
residual_acidos_graxos_monoinsaturados_g"
"1","                     -0.037875196"
"1","
residual_acidos_graxos_poliinsaturados_g"
"1","                      0.132034070"
"1","
residual_acidos_graxos_trans_g          "
"1","                     -0.012158994"
"1","
residual_calcio_mg                      "
"1","                     -0.081652140"
"1","
residual_ferro_mg                       "
"1","                      0.034830715"
"1","
residual_sodio_mg                       "
"1","                      0.176786943"
"1","
residual_magnesio_mg                    "
"1","                      0.073072322"
"1","
residual_fosforo_mg                     "
"1","                      0.018786377"
"1","
residual_potassio_mg                    "
"1","                     -0.010696656"
"1","
residual_manganes_mg                    "
"1","                      0.013041918"
"1","
residual_zinco_mg                       "
"1","                     -0.033894218"
"1","
residual_cobre_mg                       "
"1","                     -0.046890620"
"1","
residual_selenio_mcg                    "
"1","                      0.061548910"
"1","
residual_vitamina_A_RE_mcg              "
"1","                     -0.078324361"
"1","
residual_vitamina_A_RAE_mcg             "
"1","                     -0.078241180"
"1","
residual_vitamina_D_mcg                 "
"1","                     -0.061976637"
"1","
residual_vitamina_E_mg                  "
"1","                      0.004243458"
"1","
residual_tiamina_mg                     "
"1","                     -0.045679642"
"1","
residual_riboflavina_mg                 "
"1","                     -0.059412444"
"1","
residual_niacina_mg                     "
"1","                     -0.011342494"
"1","
residual_vitamina_B6_mg                 "
"1","                      0.120199603"
"1","
residual_vitamina_B12_mcg               "
"1","                     -0.081487705"
"1","
residual_vitamina_C_mg                  "
"1","                     -0.113023358"
"1","
residual_equivalente_de_folato_mcg      "
"1","                      0.039041150"
"1","
residual_sal_de_adicao_g                "
"1","                      0.071715536"
"1","
residual_acucar_de_adicao_g             "
"1","                     -0.118517363"
"1","
"
"1","                                        "
"1"," 99deb3c5ecb022ec05609ebd1112a557"
"1","
residual_energia2_kcal                  "
"1","                      -0.15661179"
"1","
residual_carboidrato_total_g            "
"1","                       0.11294516"
"1","
residual_proteina_g                     "
"1","                       0.05639705"
"1","
residual_lipidios_g                     "
"1","                      -0.18894543"
"1","
residual_fibra_alimentar_g              "
"1","                       0.07237714"
"1","
residual_colesterol_mg                  "
"1","                      -0.10801367"
"1","
residual_acidos_graxos_saturados_g      "
"1","                      -0.09863605"
"1","
residual_acidos_graxos_monoinsaturados_g"
"1","                      -0.14655250"
"1","
residual_acidos_graxos_poliinsaturados_g"
"1","                      -0.16568219"
"1","
residual_acidos_graxos_trans_g          "
"1","                       0.10004917"
"1","
residual_calcio_mg                      "
"1","                      -0.07767529"
"1","
residual_ferro_mg                       "
"1","                       0.10730107"
"1","
residual_sodio_mg                       "
"1","                      -0.08637659"
"1","
residual_magnesio_mg                    "
"1","                       0.02837414"
"1","
residual_fosforo_mg                     "
"1","                      -0.07008529"
"1","
residual_potassio_mg                    "
"1","                       0.02944453"
"1","
residual_manganes_mg                    "
"1","                       0.03649991"
"1","
residual_zinco_mg                       "
"1","                       0.15920702"
"1","
residual_cobre_mg                       "
"1","                       0.06226197"
"1","
residual_selenio_mcg                    "
"1","                      -0.07014096"
"1","
residual_vitamina_A_RE_mcg              "
"1","                       0.07701206"
"1","
residual_vitamina_A_RAE_mcg             "
"1","                       0.06373208"
"1","
residual_vitamina_D_mcg                 "
"1","                      -0.01438801"
"1","
residual_vitamina_E_mg                  "
"1","                       0.01390801"
"1","
residual_tiamina_mg                     "
"1","                      -0.04533435"
"1","
residual_riboflavina_mg                 "
"1","                       0.06331304"
"1","
residual_niacina_mg                     "
"1","                      -0.02679482"
"1","
residual_vitamina_B6_mg                 "
"1","                       0.07677671"
"1","
residual_vitamina_B12_mcg               "
"1","                       0.06141644"
"1","
residual_vitamina_C_mg                  "
"1","                       0.06152451"
"1","
residual_equivalente_de_folato_mcg      "
"1","                       0.10181642"
"1","
residual_sal_de_adicao_g                "
"1","                       0.06845673"
"1","
residual_acucar_de_adicao_g             "
"1","                      -0.06483399"
"1","
"
"1","                                        "
"1"," 6851a4ee264b56be2fff4686ce269907"
"1","
residual_energia2_kcal                  "
"1","                     0.3106071186"
"1","
residual_carboidrato_total_g            "
"1","                    -0.0521028729"
"1","
residual_proteina_g                     "
"1","                    -0.0553846812"
"1","
residual_lipidios_g                     "
"1","                     0.0783237667"
"1","
residual_fibra_alimentar_g              "
"1","                    -0.0618296699"
"1","
residual_colesterol_mg                  "
"1","                     0.0302364960"
"1","
residual_acidos_graxos_saturados_g      "
"1","                     0.1610460315"
"1","
residual_acidos_graxos_monoinsaturados_g"
"1","                     0.0220717726"
"1","
residual_acidos_graxos_poliinsaturados_g"
"1","                    -0.0178631847"
"1","
residual_acidos_graxos_trans_g          "
"1","                     0.0220157998"
"1","
residual_calcio_mg                      "
"1","                     0.0964555889"
"1","
residual_ferro_mg                       "
"1","                    -0.0133663078"
"1","
residual_sodio_mg                       "
"1","                    -0.0419076270"
"1","
residual_magnesio_mg                    "
"1","                    -0.1023902572"
"1","
residual_fosforo_mg                     "
"1","                     0.0670116065"
"1","
residual_potassio_mg                    "
"1","                    -0.0964875513"
"1","
residual_manganes_mg                    "
"1","                    -0.0762128876"
"1","
residual_zinco_mg                       "
"1","                    -0.0987191265"
"1","
residual_cobre_mg                       "
"1","                     0.0052909683"
"1","
residual_selenio_mcg                    "
"1","                    -0.0037193208"
"1","
residual_vitamina_A_RE_mcg              "
"1","                    -0.0470830252"
"1","
residual_vitamina_A_RAE_mcg             "
"1","                    -0.0272949643"
"1","
residual_vitamina_D_mcg                 "
"1","                     0.0001793565"
"1","
residual_vitamina_E_mg                  "
"1","                    -0.0812323898"
"1","
residual_tiamina_mg                     "
"1","                     0.0415330797"
"1","
residual_riboflavina_mg                 "
"1","                     0.0588613518"
"1","
residual_niacina_mg                     "
"1","                     0.0561260105"
"1","
residual_vitamina_B6_mg                 "
"1","                    -0.0120039019"
"1","
residual_vitamina_B12_mcg               "
"1","                    -0.0608023976"
"1","
residual_vitamina_C_mg                  "
"1","                    -0.0569966310"
"1","
residual_equivalente_de_folato_mcg      "
"1","                    -0.1021878298"
"1","
residual_sal_de_adicao_g                "
"1","                    -0.1484738556"
"1","
residual_acucar_de_adicao_g             "
"1","                     0.0167124635"
"1","
"
"1","                                        "
"1"," 84f9cf6d08ccc7adb4e945c4fd8be494"
"1","
residual_energia2_kcal                  "
"1","                     -0.108454290"
"1","
residual_carboidrato_total_g            "
"1","                      0.152866076"
"1","
residual_proteina_g                     "
"1","                     -0.072833510"
"1","
residual_lipidios_g                     "
"1","                     -0.149536132"
"1","
residual_fibra_alimentar_g              "
"1","                      0.115739926"
"1","
residual_colesterol_mg                  "
"1","                     -0.136436737"
"1","
residual_acidos_graxos_saturados_g      "
"1","                     -0.130157527"
"1","
residual_acidos_graxos_monoinsaturados_g"
"1","                     -0.122622261"
"1","
residual_acidos_graxos_poliinsaturados_g"
"1","                     -0.112158079"
"1","
residual_acidos_graxos_trans_g          "
"1","                     -0.091310200"
"1","
residual_calcio_mg                      "
"1","                     -0.003678568"
"1","
residual_ferro_mg                       "
"1","                      0.035739853"
"1","
residual_sodio_mg                       "
"1","                     -0.038576128"
"1","
residual_magnesio_mg                    "
"1","                      0.193940183"
"1","
residual_fosforo_mg                     "
"1","                     -0.022790419"
"1","
residual_potassio_mg                    "
"1","                      0.053279290"
"1","
residual_manganes_mg                    "
"1","                      0.043529364"
"1","
residual_zinco_mg                       "
"1","                     -0.034428134"
"1","
residual_cobre_mg                       "
"1","                      0.037728376"
"1","
residual_selenio_mcg                    "
"1","                      0.173656323"
"1","
residual_vitamina_A_RE_mcg              "
"1","                     -0.001022127"
"1","
residual_vitamina_A_RAE_mcg             "
"1","                     -0.020518400"
"1","
residual_vitamina_D_mcg                 "
"1","                      0.043486145"
"1","
residual_vitamina_E_mg                  "
"1","                      0.094359347"
"1","
residual_tiamina_mg                     "
"1","                     -0.032081706"
"1","
residual_riboflavina_mg                 "
"1","                     -0.103160916"
"1","
residual_niacina_mg                     "
"1","                      0.057744154"
"1","
residual_vitamina_B6_mg                 "
"1","                      0.153874339"
"1","
residual_vitamina_B12_mcg               "
"1","                     -0.086658696"
"1","
residual_vitamina_C_mg                  "
"1","                     -0.005200956"
"1","
residual_equivalente_de_folato_mcg      "
"1","                      0.149468282"
"1","
residual_sal_de_adicao_g                "
"1","                      0.041213590"
"1","
residual_acucar_de_adicao_g             "
"1","                      0.020681252"
"1","
"
"1","                                        "
"1"," 33518e48b174ac428cb7be1a216c6c6e"
"1","
residual_energia2_kcal                  "
"1","                      0.036665437"
"1","
residual_carboidrato_total_g            "
"1","                     -0.034156794"
"1","
residual_proteina_g                     "
"1","                      0.011043710"
"1","
residual_lipidios_g                     "
"1","                      0.057227967"
"1","
residual_fibra_alimentar_g              "
"1","                     -0.050175764"
"1","
residual_colesterol_mg                  "
"1","                     -0.012503789"
"1","
residual_acidos_graxos_saturados_g      "
"1","                      0.162847696"
"1","
residual_acidos_graxos_monoinsaturados_g"
"1","                      0.002916312"
"1","
residual_acidos_graxos_poliinsaturados_g"
"1","                     -0.075157771"
"1","
residual_acidos_graxos_trans_g          "
"1","                      0.253310607"
"1","
residual_calcio_mg                      "
"1","                      0.226566517"
"1","
residual_ferro_mg                       "
"1","                     -0.046549409"
"1","
residual_sodio_mg                       "
"1","                     -0.026511216"
"1","
residual_magnesio_mg                    "
"1","                     -0.046993626"
"1","
residual_fosforo_mg                     "
"1","                      0.264331186"
"1","
residual_potassio_mg                    "
"1","                      0.013386333"
"1","
residual_manganes_mg                    "
"1","                     -0.033340915"
"1","
residual_zinco_mg                       "
"1","                     -0.084393375"
"1","
residual_cobre_mg                       "
"1","                     -0.039350959"
"1","
residual_selenio_mcg                    "
"1","                     -0.026178498"
"1","
residual_vitamina_A_RE_mcg              "
"1","                     -0.013977585"
"1","
residual_vitamina_A_RAE_mcg             "
"1","                     -0.005680824"
"1","
residual_vitamina_D_mcg                 "
"1","                     -0.058410947"
"1","
residual_vitamina_E_mg                  "
"1","                     -0.032498648"
"1","
residual_tiamina_mg                     "
"1","                      0.033269075"
"1","
residual_riboflavina_mg                 "
"1","                      0.104966724"
"1","
residual_niacina_mg                     "
"1","                     -0.022465144"
"1","
residual_vitamina_B6_mg                 "
"1","                     -0.054054089"
"1","
residual_vitamina_B12_mcg               "
"1","                      0.014515260"
"1","
residual_vitamina_C_mg                  "
"1","                     -0.047627491"
"1","
residual_equivalente_de_folato_mcg      "
"1","                     -0.118537658"
"1","
residual_sal_de_adicao_g                "
"1","                     -0.027125281"
"1","
residual_acucar_de_adicao_g             "
"1","                     -0.145543409"
"1","
"
"1","                                        "
"1"," 945184b6386c192c0066e0a98a154780"
"1","
residual_energia2_kcal                  "
"1","                     -0.081555819"
"1","
residual_carboidrato_total_g            "
"1","                      0.107739320"
"1","
residual_proteina_g                     "
"1","                     -0.052009665"
"1","
residual_lipidios_g                     "
"1","                     -0.063488009"
"1","
residual_fibra_alimentar_g              "
"1","                      0.060929965"
"1","
residual_colesterol_mg                  "
"1","                     -0.055436352"
"1","
residual_acidos_graxos_saturados_g      "
"1","                     -0.060613007"
"1","
residual_acidos_graxos_monoinsaturados_g"
"1","                     -0.095431919"
"1","
residual_acidos_graxos_poliinsaturados_g"
"1","                      0.090620315"
"1","
residual_acidos_graxos_trans_g          "
"1","                     -0.035005527"
"1","
residual_calcio_mg                      "
"1","                     -0.096061550"
"1","
residual_ferro_mg                       "
"1","                      0.080641800"
"1","
residual_sodio_mg                       "
"1","                     -0.021581961"
"1","
residual_magnesio_mg                    "
"1","                      0.049947267"
"1","
residual_fosforo_mg                     "
"1","                     -0.075605431"
"1","
residual_potassio_mg                    "
"1","                      0.053832640"
"1","
residual_manganes_mg                    "
"1","                      0.028698331"
"1","
residual_zinco_mg                       "
"1","                     -0.031025972"
"1","
residual_cobre_mg                       "
"1","                     -0.023507694"
"1","
residual_selenio_mcg                    "
"1","                     -0.091238356"
"1","
residual_vitamina_A_RE_mcg              "
"1","                     -0.046965289"
"1","
residual_vitamina_A_RAE_mcg             "
"1","                     -0.038971943"
"1","
residual_vitamina_D_mcg                 "
"1","                     -0.094482060"
"1","
residual_vitamina_E_mg                  "
"1","                     -0.009657148"
"1","
residual_tiamina_mg                     "
"1","                     -0.035062528"
"1","
residual_riboflavina_mg                 "
"1","                     -0.071842972"
"1","
residual_niacina_mg                     "
"1","                     -0.087427159"
"1","
residual_vitamina_B6_mg                 "
"1","                     -0.018810859"
"1","
residual_vitamina_B12_mcg               "
"1","                     -0.048551203"
"1","
residual_vitamina_C_mg                  "
"1","                      0.014242339"
"1","
residual_equivalente_de_folato_mcg      "
"1","                      0.063140439"
"1","
residual_sal_de_adicao_g                "
"1","                     -0.007785030"
"1","
residual_acucar_de_adicao_g             "
"1","                     -0.021809086"
"1","
"
"1","                                        "
"1"," c0044f57ec04cd70905d690c5b7bd147"
"1","
residual_energia2_kcal                  "
"1","                    -0.1824479044"
"1","
residual_carboidrato_total_g            "
"1","                     0.2620957938"
"1","
residual_proteina_g                     "
"1","                    -0.1605367285"
"1","
residual_lipidios_g                     "
"1","                    -0.1849069407"
"1","
residual_fibra_alimentar_g              "
"1","                     0.0931834474"
"1","
residual_colesterol_mg                  "
"1","                    -0.1291078649"
"1","
residual_acidos_graxos_saturados_g      "
"1","                    -0.1166940526"
"1","
residual_acidos_graxos_monoinsaturados_g"
"1","                    -0.1465520157"
"1","
residual_acidos_graxos_poliinsaturados_g"
"1","                    -0.1155164674"
"1","
residual_acidos_graxos_trans_g          "
"1","                     0.0969697310"
"1","
residual_calcio_mg                      "
"1","                    -0.1185999467"
"1","
residual_ferro_mg                       "
"1","                     0.0161974921"
"1","
residual_sodio_mg                       "
"1","                    -0.0754545045"
"1","
residual_magnesio_mg                    "
"1","                     0.0073426441"
"1","
residual_fosforo_mg                     "
"1","                    -0.1926738384"
"1","
residual_potassio_mg                    "
"1","                    -0.0161961753"
"1","
residual_manganes_mg                    "
"1","                     0.2866752256"
"1","
residual_zinco_mg                       "
"1","                    -0.0549458123"
"1","
residual_cobre_mg                       "
"1","                     0.0358508275"
"1","
residual_selenio_mcg                    "
"1","                    -0.0472214777"
"1","
residual_vitamina_A_RE_mcg              "
"1","                    -0.0063069076"
"1","
residual_vitamina_A_RAE_mcg             "
"1","                     0.0006181331"
"1","
residual_vitamina_D_mcg                 "
"1","                    -0.1304170142"
"1","
residual_vitamina_E_mg                  "
"1","                    -0.0287590838"
"1","
residual_tiamina_mg                     "
"1","                    -0.0728127797"
"1","
residual_riboflavina_mg                 "
"1","                    -0.1026800612"
"1","
residual_niacina_mg                     "
"1","                    -0.1578391327"
"1","
residual_vitamina_B6_mg                 "
"1","                    -0.0726212797"
"1","
residual_vitamina_B12_mcg               "
"1","                    -0.0286674261"
"1","
residual_vitamina_C_mg                  "
"1","                     0.0128141094"
"1","
residual_equivalente_de_folato_mcg      "
"1","                    -0.0083123223"
"1","
residual_sal_de_adicao_g                "
"1","                    -0.0160570122"
"1","
residual_acucar_de_adicao_g             "
"1","                     0.2192343181"
"1","
"
"1","                                        "
"1"," 5c4563e3dd7e12dcdf279783af929eaa"
"1","
residual_energia2_kcal                  "
"1","                    -0.0260864863"
"1","
residual_carboidrato_total_g            "
"1","                     0.0065435204"
"1","
residual_proteina_g                     "
"1","                     0.0389894433"
"1","
residual_lipidios_g                     "
"1","                     0.0264255199"
"1","
residual_fibra_alimentar_g              "
"1","                    -0.0464245755"
"1","
residual_colesterol_mg                  "
"1","                    -0.0218660527"
"1","
residual_acidos_graxos_saturados_g      "
"1","                     0.0544372534"
"1","
residual_acidos_graxos_monoinsaturados_g"
"1","                     0.0527564888"
"1","
residual_acidos_graxos_poliinsaturados_g"
"1","                    -0.0264017943"
"1","
residual_acidos_graxos_trans_g          "
"1","                    -0.0632813971"
"1","
residual_calcio_mg                      "
"1","                     0.1829180762"
"1","
residual_ferro_mg                       "
"1","                    -0.0788611689"
"1","
residual_sodio_mg                       "
"1","                    -0.0493441683"
"1","
residual_magnesio_mg                    "
"1","                    -0.0149632318"
"1","
residual_fosforo_mg                     "
"1","                     0.0866680015"
"1","
residual_potassio_mg                    "
"1","                     0.1026779996"
"1","
residual_manganes_mg                    "
"1","                     0.0250857158"
"1","
residual_zinco_mg                       "
"1","                    -0.0833787708"
"1","
residual_cobre_mg                       "
"1","                    -0.0708383047"
"1","
residual_selenio_mcg                    "
"1","                    -0.0856435324"
"1","
residual_vitamina_A_RE_mcg              "
"1","                     0.0552250816"
"1","
residual_vitamina_A_RAE_mcg             "
"1","                     0.0182549369"
"1","
residual_vitamina_D_mcg                 "
"1","                    -0.1642129394"
"1","
residual_vitamina_E_mg                  "
"1","                    -0.0139570305"
"1","
residual_tiamina_mg                     "
"1","                     0.0871866095"
"1","
residual_riboflavina_mg                 "
"1","                     0.0508454632"
"1","
residual_niacina_mg                     "
"1","                    -0.0330469105"
"1","
residual_vitamina_B6_mg                 "
"1","                    -0.1272373919"
"1","
residual_vitamina_B12_mcg               "
"1","                     0.0886220223"
"1","
residual_vitamina_C_mg                  "
"1","                    -0.1084926673"
"1","
residual_equivalente_de_folato_mcg      "
"1","                    -0.0863989734"
"1","
residual_sal_de_adicao_g                "
"1","                     0.0006006629"
"1","
residual_acucar_de_adicao_g             "
"1","                    -0.0088233115"
"1","
"
"1","                                        "
"1"," e335f74033bc634af43ee6baa84fa247"
"1","
residual_energia2_kcal                  "
"1","                      0.009639274"
"1","
residual_carboidrato_total_g            "
"1","                     -0.085976993"
"1","
residual_proteina_g                     "
"1","                     -0.001618136"
"1","
residual_lipidios_g                     "
"1","                      0.048012535"
"1","
residual_fibra_alimentar_g              "
"1","                     -0.136269150"
"1","
residual_colesterol_mg                  "
"1","                     -0.003673439"
"1","
residual_acidos_graxos_saturados_g      "
"1","                      0.051432156"
"1","
residual_acidos_graxos_monoinsaturados_g"
"1","                      0.074192422"
"1","
residual_acidos_graxos_poliinsaturados_g"
"1","                     -0.035819261"
"1","
residual_acidos_graxos_trans_g          "
"1","                     -0.048782751"
"1","
residual_calcio_mg                      "
"1","                     -0.068056288"
"1","
residual_ferro_mg                       "
"1","                     -0.102106519"
"1","
residual_sodio_mg                       "
"1","                     -0.046571648"
"1","
residual_magnesio_mg                    "
"1","                     -0.033461831"
"1","
residual_fosforo_mg                     "
"1","                     -0.036957411"
"1","
residual_potassio_mg                    "
"1","                     -0.079785049"
"1","
residual_manganes_mg                    "
"1","                     -0.010193531"
"1","
residual_zinco_mg                       "
"1","                      0.019210272"
"1","
residual_cobre_mg                       "
"1","                     -0.060721001"
"1","
residual_selenio_mcg                    "
"1","                      0.296111916"
"1","
residual_vitamina_A_RE_mcg              "
"1","                     -0.042939834"
"1","
residual_vitamina_A_RAE_mcg             "
"1","                     -0.044894671"
"1","
residual_vitamina_D_mcg                 "
"1","                     -0.034709168"
"1","
residual_vitamina_E_mg                  "
"1","                     -0.074519898"
"1","
residual_tiamina_mg                     "
"1","                      0.006438069"
"1","
residual_riboflavina_mg                 "
"1","                     -0.040178605"
"1","
residual_niacina_mg                     "
"1","                      0.041154218"
"1","
residual_vitamina_B6_mg                 "
"1","                      0.007822065"
"1","
residual_vitamina_B12_mcg               "
"1","                     -0.036168249"
"1","
residual_vitamina_C_mg                  "
"1","                      0.328876427"
"1","
residual_equivalente_de_folato_mcg      "
"1","                     -0.099240647"
"1","
residual_sal_de_adicao_g                "
"1","                     -0.013754931"
"1","
residual_acucar_de_adicao_g             "
"1","                      0.173055933"
"1","
"
"1","                                        "
"1"," 8adadd953ff6f3831d8492aaecdbe713"
"1","
residual_energia2_kcal                  "
"1","                    -0.0756205056"
"1","
residual_carboidrato_total_g            "
"1","                     0.0880966966"
"1","
residual_proteina_g                     "
"1","                     0.0323378549"
"1","
residual_lipidios_g                     "
"1","                    -0.0776918270"
"1","
residual_fibra_alimentar_g              "
"1","                     0.1515919820"
"1","
residual_colesterol_mg                  "
"1","                     0.0008601634"
"1","
residual_acidos_graxos_saturados_g      "
"1","                    -0.1339894465"
"1","
residual_acidos_graxos_monoinsaturados_g"
"1","                    -0.0822878361"
"1","
residual_acidos_graxos_poliinsaturados_g"
"1","                     0.0537462098"
"1","
residual_acidos_graxos_trans_g          "
"1","                    -0.0699172827"
"1","
residual_calcio_mg                      "
"1","                    -0.1008058735"
"1","
residual_ferro_mg                       "
"1","                     0.0758584972"
"1","
residual_sodio_mg                       "
"1","                     0.1486477648"
"1","
residual_magnesio_mg                    "
"1","                     0.0896964188"
"1","
residual_fosforo_mg                     "
"1","                    -0.0009017598"
"1","
residual_potassio_mg                    "
"1","                    -0.0275332159"
"1","
residual_manganes_mg                    "
"1","                     0.0654232108"
"1","
residual_zinco_mg                       "
"1","                     0.0460203091"
"1","
residual_cobre_mg                       "
"1","                     0.0352445999"
"1","
residual_selenio_mcg                    "
"1","                    -0.0294430883"
"1","
residual_vitamina_A_RE_mcg              "
"1","                    -0.0459471654"
"1","
residual_vitamina_A_RAE_mcg             "
"1","                    -0.0413098226"
"1","
residual_vitamina_D_mcg                 "
"1","                    -0.0495125087"
"1","
residual_vitamina_E_mg                  "
"1","                    -0.0127826923"
"1","
residual_tiamina_mg                     "
"1","                    -0.0420615497"
"1","
residual_riboflavina_mg                 "
"1","                    -0.0779270556"
"1","
residual_niacina_mg                     "
"1","                    -0.0452177837"
"1","
residual_vitamina_B6_mg                 "
"1","                    -0.0868435157"
"1","
residual_vitamina_B12_mcg               "
"1","                    -0.0273472198"
"1","
residual_vitamina_C_mg                  "
"1","                    -0.0332241012"
"1","
residual_equivalente_de_folato_mcg      "
"1","                     0.1456316814"
"1","
residual_sal_de_adicao_g                "
"1","                     0.2254169262"
"1","
residual_acucar_de_adicao_g             "
"1","                    -0.0299390954"
"1","
"
